RowNumber,Loan_ID,CustomerId,Surname,Designation,Education,Self_Employed,CreditScore,Credit_History,Geography,Property_Area,Married,Gender,Age,Tenure,Balance,HasCar,NumOfProducts,HasCrCard,IsActiveMember,Dependents,ApplicantIncome,CoapplicantIncome, EstimatedSalary ,Exited,Loan_Status,No Customer,LoanAmount
1,LP001002,15634602,Hargrave,Manager,Graduate,No,619,Yes,France,Urban,Not Married,Female,42,2,0,Yes,Yes,Yes,Yes,0,5849,0," 1,01,349 ",1,Loan Approved,1,959
2,LP001003,15647311,Hill,Sr Manager,Graduate,No,608,Yes,Spain,Rural,Divorced,Female,41,1,83807.86,No,Yes,No,Yes,1,4583,1508," 1,12,543 ",0,Not Approved,1,525
3,LP001005,15619304,Onio,Manager,Graduate,Yes,502,Yes,France,Urban,Divorced,Female,42,8,159660.8,Yes,3,Yes,No,0,3000,0," 1,13,932 ",1,Loan Approved,1,691
4,LP001006,15701354,Boni,Sr Manager,Not Graduate,No,699,Yes,France,Urban,Divorced,Female,39,1,0,No,2,No,No,0,2583,2358," 93,827 ",0,Loan Approved,1,816
5,LP001008,15737888,Mitchell,Manager,Graduate,No,850,Yes,Spain,Urban,Not Married,Female,43,2,125510.82,Yes,Yes,Yes,Yes,0,6000,0," 79,084 ",0,Loan Approved,1,789
6,LP001011,15574012,Chu,Manager,Graduate,Yes,645,Yes,Spain,Urban,Divorced,Male,44,8,113755.78,Yes,2,Yes,No,2,5417,4196," 1,49,757 ",1,Loan Approved,1,314
7,LP001013,15592531,Bartlett,Executive,Not Graduate,No,822,Yes,France,Urban,Married,Male,50,7,0,Yes,2,Yes,Yes,0,2333,1516," 10,063 ",0,Loan Approved,1,666
8,LP001014,15656148,Obinna,Sr Manager,Graduate,No,376,No,Germany,Semiurban,Divorced,Female,29,4,115046.74,Yes,4,Yes,No,3+,3036,2504," 1,19,347 ",1,Not Approved,1,814
9,LP001018,15792365,He,Manager,Graduate,No,501,Yes,France,Urban,Divorced,Male,44,4,142051.07,No,2,No,Yes,2,4006,1526," 74,941 ",0,Loan Approved,1,687
10,LP001020,15592389,H?,Manager,Graduate,No,684,Yes,France,Semiurban,Married,Male,27,2,134603.88,Yes,Yes,Yes,Yes,1,12841,10968," 71,726 ",0,Not Approved,1,876
11,LP001024,15767821,Bearce,Executive,Graduate,No,528,Yes,France,Urban,Married,Male,31,6,102016.72,No,2,No,No,2,3200,700," 80,181 ",0,Loan Approved,1,465
12,LP001027,15737173,Andrews,Sr Manager,Graduate,No,497,Yes,Spain,Urban,Married,Male,24,3,0,Yes,2,Yes,No,2,2500,1840," 76,390 ",0,Loan Approved,1,860
13,LP001028,15632264,Kay,Sr Manager,Graduate,No,476,Yes,France,Urban,Married,Female,34,10,0,Yes,2,Yes,No,2,3073,8106," 26,261 ",0,Loan Approved,1,948
14,LP001029,15691483,Chin,Executive,Graduate,No,549,Yes,France,Rural,Not Married,Female,25,5,0,No,2,No,No,0,1853,2840," 1,90,858 ",0,Not Approved,1,762
15,LP001030,15600882,Scott,Manager,Graduate,No,635,Yes,Spain,Urban,Married,Female,35,7,0,Yes,2,Yes,Yes,2,1299,1086," 65,952 ",0,Loan Approved,1,873
16,LP001032,15643966,Goforth,Executive,Graduate,No,616,Yes,Germany,Urban,Not Married,Male,45,3,143129.41,No,2,No,Yes,0,4950,0," 64,327 ",0,Loan Approved,1,826
17,LP001034,15737452,Romeo,Executive,Not Graduate,No,653,Yes,Germany,Urban,Not Married,Male,58,1,132602.88,Yes,Yes,Yes,No,1,3596,0," 5,098 ",1,Loan Approved,1,433
18,LP001036,15788218,Henderson,Executive,Graduate,No,549,No,Spain,Urban,Not Married,Female,24,9,0,Yes,2,Yes,Yes,0,3510,0," 14,406 ",0,Not Approved,1,156
19,LP001038,15661507,Muldrow,Executive,Not Graduate,No,587,Yes,Spain,Rural,Divorced,Male,45,6,0,No,Yes,No,No,0,4887,0," 1,58,685 ",0,Not Approved,1,797
20,LP001041,15568982,Hao,Executive,Graduate,No,726,Yes,France,Urban,Married,Female,24,6,0,Yes,2,Yes,Yes,0,2600,3500," 54,724 ",0,Loan Approved,1,166
21,LP001043,15577657,McDonald,Sr Manager,Not Graduate,No,732,No,France,Urban,Married,Male,41,8,0,Yes,2,Yes,Yes,0,7660,0," 1,70,886 ",0,Not Approved,1,834
22,LP001046,15597945,Dellucci,Sr Manager,Graduate,No,636,Yes,Spain,Urban,Divorced,Female,32,8,0,Yes,2,Yes,No,1,5955,5625," 1,38,555 ",0,Loan Approved,1,468
23,LP001047,15699309,Gerasimov,Executive,Not Graduate,No,510,No,Spain,Semiurban,Divorced,Female,38,4,0,Yes,Yes,Yes,No,0,2600,1911," 1,18,914 ",1,Not Approved,1,477
24,LP001050,15725737,Mosman,Executive,Not Graduate,No,669,No,France,Rural,Divorced,Male,46,3,0,No,2,No,Yes,2,3365,1917," 8,488 ",0,Not Approved,1,615
25,LP001052,15625047,Yen,VP,Graduate,No,846,No,France,Semiurban,Divorced,Female,38,5,0,Yes,Yes,Yes,Yes,1,3717,2925," 1,87,616 ",0,Not Approved,1,513
26,LP001066,15738191,Maclean,Manager,Graduate,Yes,577,Yes,France,Semiurban,Divorced,Male,25,3,0,No,2,No,Yes,0,9560,0," 1,24,508 ",0,Loan Approved,1,697
27,LP001068,15736816,Young,VP,Graduate,No,756,Yes,Germany,Semiurban,Married,Male,36,2,136815.64,Yes,Yes,Yes,Yes,0,2799,2253," 1,70,042 ",0,Loan Approved,1,840
28,LP001073,15700772,Nebechi,Executive,Not Graduate,No,571,Yes,France,Urban,Divorced,Male,44,9,0,No,2,No,No,2,4226,1040," 38,433 ",0,Loan Approved,1,922
29,LP001086,15728693,McWilliams,Executive,Not Graduate,No,574,Yes,Germany,Urban,Not Married,Female,43,3,141349.43,Yes,Yes,Yes,Yes,0,1442,0," 1,00,187 ",0,Not Approved,1,720
30,LP001087,15656300,Lucciano,Executive,Graduate,No,411,Yes,France,Semiurban,Not Married,Male,29,0,59697.17,Yes,2,Yes,Yes,2,3750,2083," 53,483 ",0,Loan Approved,1,352
31,LP001091,15589475,Azikiwe,AVP,Graduate,No,591,Yes,Spain,Urban,Divorced,Female,39,3,0,Yes,3,Yes,No,1,4166,3369," 1,40,469 ",1,Not Approved,1,805
32,LP001095,15706552,Odinakachukwu,Sr Manager,Graduate,No,533,Yes,France,Urban,Not Married,Male,36,7,85311.7,No,Yes,No,Yes,0,3167,0," 1,56,732 ",0,Not Approved,1,816
33,LP001097,15750181,Sanderson,Manager,Graduate,Yes,553,Yes,Germany,Rural,Not Married,Male,41,9,110112.54,No,2,No,No,1,4692,0," 81,899 ",0,Not Approved,1,135
34,LP001098,15659428,Maggard,Executive,Graduate,No,520,Yes,Spain,Semiurban,Divorced,Female,42,6,0,Yes,2,Yes,Yes,0,3500,1667," 34,411 ",0,Loan Approved,1,890
35,LP001100,15732963,Clements,Executive,Graduate,No,722,Yes,Spain,Rural,Not Married,Female,29,9,0,Yes,2,Yes,Yes,3+,12500,3000," 1,42,033 ",0,Not Approved,1,111
36,LP001106,15794171,Lombardo,VP,Graduate,No,475,Yes,France,Urban,Divorced,Female,45,0,134264.04,Yes,Yes,Yes,No,0,2275,2067," 27,823 ",1,Loan Approved,1,358
37,LP001109,15788448,Watson,Executive,Graduate,No,490,No,Spain,Urban,Married,Male,31,3,145260.23,No,Yes,No,Yes,0,1828,1330," 1,14,067 ",0,Not Approved,1,673
38,LP001112,15729599,Lorenzo,Executive,Graduate,No,804,Yes,Spain,Semiurban,Married,Male,33,7,76548.6,No,Yes,No,Yes,0,3667,1459," 98,453 ",0,Loan Approved,1,477
39,LP001114,15717426,Armstrong,Manager,Graduate,No,850,Yes,France,Urban,Not Married,Male,36,7,0,Yes,Yes,Yes,Yes,0,4166,7210," 40,813 ",0,Loan Approved,1,323
40,LP001116,15585768,Cameron,Executive,Not Graduate,No,582,Yes,Germany,Semiurban,Not Married,Male,41,6,70349.48,No,2,No,Yes,0,3748,1668," 1,78,074 ",0,Loan Approved,1,535
41,LP001119,15619360,Hsiao,Executive,Graduate,No,472,Yes,Spain,Urban,Not Married,Male,40,4,0,Yes,Yes,Yes,No,0,3600,0," 70,154 ",0,Not Approved,1,801
42,LP001120,15738148,Clarke,Executive,Graduate,No,465,Yes,France,Urban,Not Married,Female,51,8,122522.32,No,Yes,No,No,0,1800,1213," 1,81,298 ",1,Loan Approved,1,585
43,LP001123,15687946,Osborne,Executive,Graduate,No,556,Yes,France,Urban,Divorced,Female,61,2,117419.35,Yes,Yes,Yes,Yes,0,2400,0," 94,154 ",0,Loan Approved,1,297
44,LP001131,15755196,Lavine,Manager,Graduate,No,834,Yes,France,Semiurban,Divorced,Female,49,2,131394.56,No,Yes,No,No,0,3941,2336," 1,94,366 ",1,Loan Approved,1,588
45,LP001136,15684171,Bianchi,Manager,Not Graduate,Yes,660,Yes,Spain,Urban,Divorced,Female,61,5,155931.11,Yes,Yes,Yes,Yes,0,4695,0," 1,58,338 ",0,Loan Approved,1,576
46,LP001137,15754849,Tyler,Sr Manager,Graduate,No,776,Yes,Germany,Urban,Not Married,Female,32,4,109421.13,Yes,2,Yes,Yes,0,3410,0," 1,26,517 ",0,Loan Approved,1,613
47,LP001138,15602280,Martin,Manager,Graduate,No,829,Yes,Germany,Urban,Married,Female,27,9,112045.67,Yes,Yes,Yes,Yes,1,5649,0," 1,19,708 ",1,Loan Approved,1,968
48,LP001144,15771573,Okagbue,VP,Graduate,No,637,Yes,Germany,Urban,Divorced,Female,39,9,137843.8,Yes,Yes,Yes,Yes,0,5821,0," 1,17,623 ",1,Loan Approved,1,361
49,LP001146,15766205,Yin,Sr Manager,Graduate,No,550,No,Germany,Urban,Divorced,Male,38,2,103391.38,No,Yes,No,Yes,0,2645,3440," 90,878 ",0,Not Approved,1,799
50,LP001151,15771873,Buccho,Executive,Graduate,No,776,Yes,Germany,Semiurban,Not Married,Female,37,2,103769.22,Yes,2,Yes,No,0,4000,2275," 1,94,099 ",0,Loan Approved,1,369
51,LP001155,15616550,Chidiebele,Executive,Not Graduate,No,698,Yes,Germany,Semiurban,Divorced,Male,44,10,116363.37,Yes,2,Yes,No,0,1928,1644," 1,98,059 ",0,Loan Approved,1,408
52,LP001157,15768193,Trevisani,Executive,Graduate,No,585,Yes,Germany,Semiurban,Not Married,Male,36,5,146050.97,No,2,No,No,0,3086,0," 86,425 ",0,Loan Approved,1,180
53,LP001164,15683553,O'Brien,AVP,Graduate,No,788,Yes,France,Semiurban,Not Married,Female,33,5,0,No,2,No,No,0,4230,0," 1,16,978 ",0,Not Approved,1,130
54,LP001179,15702298,Parkhill,Manager,Graduate,No,655,Yes,Germany,Urban,Divorced,Male,41,8,125561.97,No,Yes,No,No,2,4616,0," 1,64,041 ",1,Not Approved,1,628
55,LP001186,15569590,Yoo,Manager,Graduate,Yes,601,No,Germany,Urban,Married,Male,42,1,98495.72,Yes,Yes,Yes,No,1,11500,0," 40,015 ",1,Not Approved,1,748
56,LP001194,15760861,Phillipps,Manager,Graduate,No,619,Yes,France,Semiurban,Married,Male,43,1,125211.92,Yes,Yes,Yes,Yes,2,2708,1167," 1,13,410 ",0,Loan Approved,1,459
57,LP001195,15630053,Tsao,Sr Manager,Graduate,No,656,Yes,France,Semiurban,Divorced,Male,45,5,127864.4,Yes,Yes,Yes,No,0,2132,1591," 87,108 ",0,Loan Approved,1,847
58,LP001197,15647091,Endrizzi,Sr Manager,Graduate,No,725,Yes,Germany,Rural,Married,Male,19,0,75888.2,No,Yes,No,No,0,3366,2200," 45,614 ",0,Not Approved,1,152
59,LP001198,15623944,T'ien,Executive,Graduate,No,511,Yes,Spain,Urban,Married,Female,66,4,0,Yes,Yes,Yes,No,1,8080,2250," 1,643 ",1,Loan Approved,1,725
60,LP001199,15804771,Velazquez,Manager,Not Graduate,No,614,Yes,France,Urban,Married,Male,51,4,40685.92,Yes,Yes,Yes,Yes,2,3357,2859," 46,775 ",0,Loan Approved,1,286
61,LP001205,15651280,Hunter,Manager,Graduate,No,742,Yes,Germany,Urban,Married,Male,35,5,136857,No,Yes,No,No,0,2500,3796," 84,510 ",0,Loan Approved,1,920
62,LP001206,15773469,Clark,Manager,Graduate,No,687,Yes,Germany,Urban,Divorced,Female,27,9,152328.88,No,2,No,No,3+,3029,0," 1,26,495 ",0,Loan Approved,1,120
63,LP001207,15702014,Jeffrey,Manager,Not Graduate,Yes,555,No,Spain,Rural,Divorced,Male,33,1,56084.69,No,2,No,No,0,2609,3449," 1,78,798 ",0,Not Approved,1,291
64,LP001213,15751208,Pirozzi,VP,Graduate,No,684,No,Spain,Rural,Divorced,Male,56,8,78707.16,Yes,Yes,Yes,Yes,1,4945,0," 99,398 ",0,Not Approved,1,575
65,LP001222,15592461,Jackson,Executive,Graduate,No,603,No,Germany,Semiurban,Not Married,Male,26,4,109166.37,Yes,Yes,Yes,Yes,0,4166,0," 92,841 ",0,Not Approved,1,899
66,LP001225,15789484,Hammond,Executive,Graduate,No,751,Yes,Germany,Semiurban,Divorced,Female,36,6,169831.46,Yes,2,Yes,Yes,0,5726,4595," 27,758 ",0,Not Approved,1,155
67,LP001228,15696061,Brownless,Manager,Not Graduate,No,581,No,Germany,Urban,Not Married,Female,34,1,101633.04,Yes,Yes,Yes,No,0,3200,2254," 1,10,432 ",0,Not Approved,1,545
68,LP001233,15641582,Chibugo,Executive,Graduate,No,735,Yes,Germany,Urban,Divorced,Male,43,10,123180.01,Yes,2,Yes,Yes,1,10750,0," 1,96,673 ",0,Loan Approved,1,646
69,LP001238,15638424,Glauert,Manager,Not Graduate,Yes,661,Yes,Germany,Urban,Divorced,Female,35,5,150725.53,No,2,No,Yes,3+,7100,0," 1,13,657 ",0,Loan Approved,1,119
70,LP001241,15755648,Pisano,Manager,Graduate,No,675,No,France,Semiurban,Not Married,Female,21,8,98373.26,Yes,Yes,Yes,No,0,4300,0," 18,203 ",0,Not Approved,1,870
71,LP001243,15703793,Konovalova,Manager,Graduate,No,738,Yes,Germany,Urban,Married,Male,58,2,133745.44,Yes,4,Yes,No,0,3208,3066," 28,374 ",1,Loan Approved,1,170
72,LP001245,15620344,McKee,Manager,Not Graduate,Yes,813,Yes,France,Semiurban,Divorced,Male,29,6,0,Yes,Yes,Yes,No,2,1875,1875," 33,954 ",0,Loan Approved,1,125
73,LP001248,15812518,Palermo,Sr Manager,Graduate,No,657,Yes,Spain,Semiurban,Not Married,Female,37,0,163607.18,No,Yes,No,Yes,0,3500,0," 44,204 ",0,Loan Approved,1,817
74,LP001250,15779052,Ballard,AVP,Not Graduate,No,604,No,Germany,Semiurban,Divorced,Female,25,5,157780.84,Yes,2,Yes,Yes,3+,4755,0," 58,427 ",0,Not Approved,1,418
75,LP001253,15770811,Wallace,Manager,Graduate,Yes,519,Yes,France,Semiurban,Married,Male,36,9,0,No,2,No,Yes,3+,5266,1774," 1,45,562 ",0,Loan Approved,1,777
76,LP001255,15780961,Cavenagh,Executive,Graduate,No,735,Yes,France,Urban,Not Married,Female,21,1,178718.19,Yes,2,Yes,No,0,3750,0," 22,388 ",0,Not Approved,1,169
77,LP001256,15614049,Hu,Executive,Graduate,No,664,Yes,France,Urban,Not Married,Male,55,8,0,Yes,2,Yes,Yes,0,3750,4750," 1,39,162 ",0,Not Approved,1,469
78,LP001259,15662085,Read,Manager,Graduate,Yes,678,Yes,France,Urban,Divorced,Female,32,9,0,Yes,Yes,Yes,Yes,1,1000,3022," 1,48,211 ",0,Not Approved,1,391
79,LP001263,15575185,Bushell,Manager,Graduate,No,757,No,Spain,Semiurban,Married,Male,33,5,77253.22,No,Yes,No,Yes,3+,3167,4000," 1,94,240 ",0,Not Approved,1,968
80,LP001264,15803136,Postle,Manager,Not Graduate,Yes,416,No,Germany,Semiurban,Divorced,Female,41,10,122189.66,Yes,2,Yes,No,3+,3333,2166," 98,302 ",0,Loan Approved,1,176
81,LP001265,15706021,Buley,VP,Graduate,No,665,Yes,France,Semiurban,Not Married,Female,34,1,96645.54,No,2,No,No,0,3846,0," 1,71,414 ",0,Loan Approved,1,249
82,LP001266,15663706,Leonard,Manager,Graduate,Yes,777,Yes,France,Semiurban,Divorced,Female,32,2,0,Yes,Yes,Yes,No,1,2395,0," 1,36,458 ",1,Loan Approved,1,434
83,LP001267,15641732,Mills,Executive,Graduate,No,543,Yes,France,Urban,Divorced,Female,36,3,0,No,2,No,No,2,1378,1881," 26,020 ",0,Not Approved,1,856
84,LP001273,15701164,Onyeorulu,VP,Graduate,No,506,Yes,France,Semiurban,Married,Female,34,4,90307.62,Yes,Yes,Yes,Yes,0,6000,2250," 1,59,235 ",0,Not Approved,1,592
85,LP001275,15738751,Beit,Sr Manager,Graduate,No,493,Yes,France,Urban,Divorced,Female,46,4,0,Yes,2,Yes,No,1,3988,0," 1,908 ",0,Loan Approved,1,623
86,LP001279,15805254,Ndukaku,Executive,Graduate,No,652,Yes,Spain,Semiurban,Not Married,Female,75,10,0,Yes,2,Yes,Yes,0,2366,2531," 1,14,676 ",0,Loan Approved,1,114
87,LP001280,15762418,Gant,Executive,Not Graduate,No,750,Yes,Spain,Semiurban,Divorced,Male,22,3,121681.82,Yes,Yes,Yes,No,2,3333,2000," 1,28,643 ",1,Loan Approved,1,704
88,LP001282,15625759,Rowley,Manager,Graduate,No,729,Yes,France,Semiurban,Divorced,Male,30,9,0,Yes,2,Yes,No,0,2500,2118," 1,51,869 ",0,Loan Approved,1,574
89,LP001289,15622897,Sharpe,Manager,Graduate,No,646,Yes,France,Urban,Not Married,Female,46,4,0,Yes,3,Yes,No,0,8566,0," 93,251 ",1,Loan Approved,1,356
90,LP001310,15767954,Osborne,Executive,Graduate,No,635,Yes,Germany,Semiurban,Divorced,Female,28,3,81623.67,Yes,2,Yes,Yes,0,5695,4167," 1,56,791 ",0,Loan Approved,1,419
91,LP001316,15757535,Heap,Sr Manager,Graduate,No,647,Yes,Spain,Semiurban,Divorced,Female,44,5,0,Yes,3,Yes,Yes,0,2958,2900," 1,74,205 ",1,Loan Approved,1,422
92,LP001318,15731511,Ritchie,Sr Manager,Graduate,No,808,Yes,France,Semiurban,Married,Male,45,7,118626.55,Yes,2,Yes,No,2,6250,5654," 1,47,132 ",0,Loan Approved,1,566
93,LP001319,15809248,Cole,Manager,Not Graduate,No,524,Yes,France,Urban,Married,Female,36,10,0,Yes,2,Yes,No,2,3273,1820," 1,09,615 ",0,Loan Approved,1,955
94,LP001322,15640635,Capon,Sr Manager,Graduate,No,769,Yes,France,Semiurban,Not Married,Male,29,8,0,Yes,2,Yes,Yes,0,4133,0," 1,72,291 ",0,Loan Approved,1,806
95,LP001325,15676966,Capon,VP,Not Graduate,No,730,Yes,Spain,Semiurban,Not Married,Male,42,4,0,No,2,No,Yes,0,3620,0," 85,982 ",0,Loan Approved,1,703
96,LP001326,15699461,Fiorentini,Executive,Graduate,No,515,Yes,Spain,Urban,Not Married,Male,35,10,176273.95,No,Yes,No,Yes,0,6782,0," 1,21,278 ",0,Not Approved,1,475
97,LP001327,15738721,Graham,Manager,Graduate,No,773,Yes,Spain,Semiurban,Divorced,Male,41,9,102827.44,No,Yes,No,Yes,0,2484,2302," 64,595 ",0,Loan Approved,1,303
98,LP001333,15693683,Yuille,VP,Graduate,No,814,Yes,Germany,Semiurban,Divorced,Male,29,8,97086.4,Yes,2,Yes,Yes,0,1977,997," 1,97,276 ",0,Loan Approved,1,187
99,LP001334,15604348,Allard,AVP,Not Graduate,No,710,Yes,Spain,Semiurban,Divorced,Male,22,8,0,No,2,No,No,0,4188,0," 99,645 ",0,Loan Approved,1,835
100,LP001343,15633059,Fanucci,Manager,Graduate,No,413,Yes,France,Semiurban,Divorced,Male,34,9,0,No,2,No,No,0,1759,3541," 6,534 ",0,Loan Approved,1,474
101,LP001345,15808582,Fu,Manager,Not Graduate,No,665,Yes,France,Urban,Married,Female,40,6,0,Yes,Yes,Yes,Yes,2,4288,3263," 1,61,848 ",0,Loan Approved,1,622
102,LP001349,15743192,Hung,Manager,Graduate,No,623,Yes,France,Semiurban,Not Married,Female,44,6,0,No,2,No,No,0,4843,3806," 1,67,162 ",0,Loan Approved,1,973
103,LP001350,15580146,Hung,Manager,Graduate,No,738,Yes,France,Urban,Divorced,Male,31,9,82674.15,Yes,Yes,Yes,No,0,13650,0," 41,971 ",0,Loan Approved,1,243
104,LP001356,15776605,Bradley,Manager,Graduate,No,528,Yes,Spain,Semiurban,Married,Male,36,7,0,Yes,2,Yes,No,0,4652,3583," 60,537 ",0,Loan Approved,1,281
105,LP001357,15804919,Dunbabin,Sr Manager,Graduate,No,670,Yes,Spain,Urban,Married,Female,65,1,0,Yes,Yes,Yes,Yes,0,3816,754," 1,77,656 ",1,Loan Approved,1,810
106,LP001367,15613854,Mauldon,Executive,Graduate,No,622,Yes,Spain,Urban,Divorced,Female,46,4,107073.27,Yes,2,Yes,Yes,1,3052,1030," 30,985 ",1,Loan Approved,1,791
107,LP001369,15599195,Stiger,Executive,Graduate,No,582,Yes,Germany,Urban,Married,Male,32,1,88938.62,Yes,Yes,Yes,Yes,2,11417,1126," 10,055 ",0,Loan Approved,1,845
108,LP001370,15812878,Parsons,Executive,Not Graduate,No,785,Yes,Germany,Rural,Not Married,Female,36,2,99806.85,No,Yes,No,Yes,0,7333,0," 36,977 ",0,Not Approved,1,978
109,LP001379,15602312,Walkom,Manager,Graduate,No,605,No,Spain,Urban,Divorced,Male,33,5,150092.8,No,Yes,No,No,2,3800,3600," 71,863 ",0,Not Approved,1,322
110,LP001384,15744689,T'ang,Executive,Not Graduate,No,479,Yes,Germany,Semiurban,Divorced,Male,35,9,92833.89,Yes,Yes,Yes,No,3+,2071,754," 99,450 ",1,Loan Approved,1,344
111,LP001385,15803526,Eremenko,Manager,Graduate,No,685,Yes,Germany,Urban,Not Married,Male,30,3,90536.81,No,Yes,No,Yes,0,5316,0," 63,083 ",0,Loan Approved,1,703
112,LP001387,15665790,Rowntree,Executive,Graduate,No,538,Yes,Germany,Semiurban,Divorced,Male,39,7,108055.1,Yes,2,Yes,No,0,2929,2333," 27,231 ",0,Loan Approved,1,579
113,LP001391,15715951,Thorpe,VP,Not Graduate,No,562,No,France,Rural,Divorced,Male,42,2,100238.35,No,Yes,No,No,0,3572,4114," 86,797 ",0,Not Approved,1,195
114,LP001392,15591100,Chiemela,Manager,Graduate,Yes,675,Yes,Spain,Semiurban,Not Married,Male,36,9,106190.55,No,Yes,No,Yes,1,7451,0," 22,994 ",0,Loan Approved,1,153
115,LP001398,15609618,Fanucci,Executive,Graduate,Yes,721,Yes,Germany,Semiurban,Not Married,Male,28,9,154475.54,No,2,No,Yes,0,5050,0," 1,01,301 ",1,Loan Approved,1,165
116,LP001401,15675522,Ko,Manager,Graduate,No,628,Yes,Germany,Rural,Divorced,Female,30,9,132351.29,Yes,2,Yes,Yes,1,14583,0," 74,169 ",0,Loan Approved,1,334
117,LP001404,15705512,Welch,Executive,Graduate,No,668,Yes,Germany,Semiurban,Divorced,Female,37,6,167864.4,Yes,Yes,Yes,No,0,3167,2283," 1,15,638 ",0,Loan Approved,1,951
118,LP001405,15698028,Duncan,Manager,Graduate,No,506,Yes,France,Urban,Divorced,Female,41,1,0,Yes,2,Yes,No,1,2214,1398," 31,766 ",0,Loan Approved,1,424
119,LP001421,15661670,Chidozie,Executive,Graduate,No,524,Yes,Germany,Rural,Divorced,Female,31,8,107818.63,Yes,Yes,Yes,No,0,5568,2142," 1,99,725 ",1,Not Approved,1,996
120,LP001422,15600781,Wu,Executive,Graduate,No,699,Yes,Germany,Urban,Not Married,Male,34,4,185173.81,Yes,2,Yes,No,0,10408,0," 1,20,834 ",0,Loan Approved,1,750
121,LP001426,15682472,Culbreth,AVP,Graduate,No,828,Yes,France,Rural,Married,Male,34,8,129433.34,No,2,No,No,0,5667,2667," 38,132 ",0,Loan Approved,1,787
122,LP001430,15580203,Kennedy,Executive,Graduate,No,674,Yes,Spain,Semiurban,Not Married,Male,39,6,120193.42,No,Yes,No,No,0,4166,0," 1,00,131 ",0,Loan Approved,1,751
123,LP001431,15690673,Cameron,Executive,Graduate,No,656,No,France,Semiurban,Not Married,Female,39,6,0,Yes,2,Yes,No,0,2137,8980," 1,41,070 ",0,Loan Approved,1,247
124,LP001432,15760085,Calabresi,Executive,Graduate,No,684,Yes,Germany,Semiurban,Divorced,Female,48,10,126384.42,Yes,Yes,Yes,Yes,2,2957,0," 1,98,129 ",0,Loan Approved,1,133
125,LP001439,15779659,Zetticci,Sr Manager,Not Graduate,No,625,Yes,France,Rural,Married,Female,28,3,0,No,Yes,No,No,0,4300,2014," 1,83,646 ",0,Loan Approved,1,271
126,LP001443,15627360,Fuller,Manager,Graduate,No,432,Yes,France,Rural,Not Married,Male,42,9,152603.45,Yes,Yes,Yes,No,0,3692,0," 1,10,265 ",1,Loan Approved,1,223
127,LP001448,15671137,MacDonald,Executive,Graduate,No,549,Yes,France,Rural,Divorced,Female,52,1,0,No,Yes,No,Yes,3+,23803,0," 8,636 ",1,Loan Approved,1,930
128,LP001449,15782688,Piccio,Executive,Graduate,No,625,Yes,Germany,Rural,Not Married,Male,56,0,148507.24,Yes,Yes,Yes,No,0,3865,1640," 46,824 ",1,Loan Approved,1,572
129,LP001451,15575492,Kennedy,Manager,Graduate,Yes,828,No,France,Urban,Divorced,Female,41,7,0,Yes,2,Yes,No,1,10513,3850," 1,71,379 ",0,Not Approved,1,676
130,LP001465,15591607,Fernie,AVP,Graduate,No,770,No,France,Rural,Divorced,Male,24,9,101827.07,Yes,Yes,Yes,No,0,6080,2569," 1,67,256 ",0,Not Approved,1,853
131,LP001469,15740404,He,Manager,Graduate,Yes,758,No,France,Urban,Not Married,Female,34,3,0,Yes,2,Yes,Yes,0,20166,0," 1,24,226 ",0,Loan Approved,1,736
132,LP001473,15718369,Kaodilinakachukwu,Executive,Graduate,No,795,Yes,Germany,Urban,Not Married,Female,33,9,130862.43,Yes,Yes,Yes,Yes,0,2014,1929," 1,14,935 ",0,Loan Approved,1,240
133,LP001478,15677871,Cocci,Sr Manager,Graduate,No,687,Yes,France,Semiurban,Not Married,Male,38,9,122570.87,Yes,Yes,Yes,Yes,0,2718,0," 35,609 ",0,Loan Approved,1,191
134,LP001482,15642004,Alekseeva,Manager,Graduate,Yes,686,Yes,France,Semiurban,Married,Male,25,1,0,No,2,No,Yes,0,3459,0," 16,459 ",0,Loan Approved,1,424
135,LP001487,15712543,Chinweike,Manager,Graduate,No,789,Yes,Germany,Semiurban,Not Married,Male,39,7,124828.46,Yes,2,Yes,Yes,0,4895,0," 1,24,411 ",0,Loan Approved,1,926
136,LP001488,15584518,Arthur,Manager,Graduate,No,589,Yes,Germany,Semiurban,Married,Female,50,5,144895.05,Yes,2,Yes,Yes,3+,4000,7750," 34,941 ",0,Not Approved,1,434
137,LP001489,15802381,Li,Manager,Graduate,No,461,Yes,Germany,Rural,Married,Female,34,5,63663.93,No,Yes,No,Yes,0,4583,0," 1,67,784 ",0,Not Approved,1,370
138,LP001491,15610156,Ma,Manager,Graduate,Yes,637,Yes,France,Urban,Divorced,Male,40,2,133463.1,No,Yes,No,Yes,2,3316,3500," 93,165 ",0,Loan Approved,1,211
139,LP001492,15594408,Chia,VP,Graduate,No,584,No,Spain,Semiurban,Not Married,Female,48,2,213146.2,Yes,Yes,Yes,No,0,14999,0," 75,161 ",1,Not Approved,1,775
140,LP001493,15640905,Vasin,Manager,Not Graduate,No,579,Yes,Spain,Rural,Married,Female,35,1,129490.36,No,2,No,Yes,2,4200,1430," 8,591 ",1,Not Approved,1,827
141,LP001497,15698932,Groves,Manager,Graduate,No,756,Yes,Germany,Rural,Divorced,Male,44,10,137452.09,Yes,Yes,Yes,No,2,5042,2083," 1,89,544 ",0,Not Approved,1,211
142,LP001498,15724944,Tien,Manager,Graduate,No,663,Yes,France,Urban,Not Married,Male,34,7,0,Yes,2,Yes,Yes,0,5417,0," 1,80,427 ",0,Loan Approved,1,985
143,LP001504,15628145,Forwood,Manager,Graduate,Yes,682,Yes,France,Semiurban,Not Married,Female,43,5,125851.93,Yes,Yes,Yes,Yes,0,6950,0," 1,93,318 ",0,Loan Approved,1,905
144,LP001507,15713483,Greeves,Sr Manager,Graduate,No,793,Yes,Spain,Semiurban,Divorced,Male,52,2,0,Yes,Yes,Yes,No,0,2698,2034," 1,59,124 ",1,Loan Approved,1,485
145,LP001508,15612350,Taylor,Manager,Graduate,No,691,Yes,France,Urban,Married,Female,31,5,40915.55,Yes,Yes,Yes,No,2,11757,0," 1,26,214 ",1,Loan Approved,1,667
146,LP001514,15800703,Madukwe,Executive,Graduate,No,485,Yes,Spain,Semiurban,Divorced,Female,21,5,113157.22,Yes,Yes,Yes,Yes,0,2330,4486," 54,142 ",0,Loan Approved,1,899
147,LP001516,15705707,Bennelong,Manager,Graduate,No,635,Yes,Spain,Urban,Divorced,Female,29,8,138296.94,Yes,2,Yes,No,2,14866,0," 1,41,076 ",0,Loan Approved,1,629
148,LP001518,15754105,Olisanugo,Sr Manager,Graduate,No,650,Yes,France,Urban,Divorced,Male,37,5,106967.18,No,Yes,No,No,1,1538,1425," 24,495 ",0,Loan Approved,1,927
149,LP001519,15703264,Chukwufumnanya,Manager,Graduate,No,735,Yes,France,Rural,Not Married,Male,44,9,120681.63,Yes,Yes,Yes,No,0,10000,1666," 74,836 ",0,Not Approved,1,652
150,LP001520,15794413,Harris,Executive,Graduate,No,416,Yes,France,Semiurban,Divorced,Male,32,0,0,No,2,No,Yes,0,4860,830, 879 ,0,Loan Approved,1,247
151,LP001528,15650237,Morgan,Executive,Graduate,No,754,No,Spain,Rural,Not Married,Female,32,7,0,Yes,2,Yes,No,0,6277,0," 89,521 ",0,Not Approved,1,724
152,LP001529,15759618,Alexeeva,Manager,Graduate,Yes,535,Yes,France,Rural,Divorced,Female,48,9,0,Yes,Yes,Yes,No,0,2577,3750," 1,49,893 ",1,Loan Approved,1,116
153,LP001531,15811589,Metcalfe,Sr Manager,Graduate,No,716,Yes,Spain,Urban,Not Married,Male,42,8,0,Yes,2,Yes,No,0,9166,0," 1,80,800 ",0,Not Approved,1,967
154,LP001532,15689044,Humphries,AVP,Not Graduate,No,539,Yes,France,Rural,Divorced,Male,37,2,127609.59,Yes,Yes,Yes,No,2,2281,0," 98,646 ",0,Not Approved,1,242
155,LP001535,15709368,Milne,Executive,Graduate,No,614,Yes,France,Urban,Not Married,Female,43,6,0,Yes,2,Yes,Yes,0,3254,0," 1,09,042 ",0,Loan Approved,1,128
156,LP001536,15679145,Chou,Executive,Graduate,No,706,No,Spain,Semiurban,Married,Male,57,7,0,Yes,Yes,Yes,No,3+,39999,0," 17,941 ",1,Loan Approved,1,743
157,LP001541,15655007,Li,AVP,Graduate,No,758,No,France,Rural,Divorced,Female,33,7,0,No,2,No,No,1,6000,0," 82,996 ",0,Loan Approved,1,377
158,LP001543,15623595,Clayton,Manager,Graduate,No,586,Yes,Spain,Urban,Married,Female,28,2,0,Yes,2,Yes,Yes,1,9538,0," 92,067 ",0,Loan Approved,1,710
159,LP001546,15589975,Maclean,Manager,Graduate,No,646,Yes,France,Rural,Not Married,Female,73,6,97259.25,No,Yes,No,Yes,0,2980,2083," 1,04,720 ",0,Loan Approved,1,682
160,LP001552,15804017,Chigolum,Executive,Graduate,No,631,Yes,Germany,Semiurban,Married,Female,33,4,123246.7,No,Yes,No,No,0,4583,5625," 1,12,688 ",0,Loan Approved,1,226
161,LP001560,15692132,Wilkinson,Manager,Not Graduate,No,717,Yes,Spain,Semiurban,Married,Female,22,6,101060.25,No,Yes,No,Yes,0,1863,1041," 84,700 ",0,Loan Approved,1,895
162,LP001562,15641122,Wei,Manager,Graduate,No,684,Yes,France,Urban,Divorced,Male,30,2,0,Yes,2,Yes,No,0,7933,0," 83,474 ",0,Not Approved,1,993
163,LP001565,15630910,Treacy,Manager,Graduate,No,800,No,France,Semiurban,Divorced,Female,49,7,108007.36,No,Yes,No,No,1,3089,1280," 47,125 ",0,Not Approved,1,721
164,LP001570,15680772,Hu,Manager,Graduate,No,721,Yes,Spain,Rural,Married,Female,36,2,0,Yes,2,Yes,Yes,2,4167,1447," 1,06,978 ",0,Loan Approved,1,989
165,LP001572,15658929,Taverner,Executive,Graduate,No,683,Yes,Spain,Urban,Married,Male,29,0,133702.89,Yes,Yes,Yes,No,0,9323,0," 55,583 ",1,Loan Approved,1,490
166,LP001574,15585388,Sherman,Manager,Graduate,No,660,Yes,Germany,Rural,Married,Male,31,9,125189.75,Yes,2,Yes,Yes,0,3707,3166," 1,39,874 ",0,Loan Approved,1,311
167,LP001577,15724623,Taubman,Sr Manager,Graduate,No,704,Yes,Germany,Rural,Married,Female,24,7,113034.22,Yes,Yes,Yes,No,0,4583,0," 1,62,503 ",1,Not Approved,1,279
168,LP001578,15588537,Robinson,VP,Graduate,No,615,Yes,Spain,Rural,Divorced,Female,41,9,109013.23,Yes,Yes,Yes,No,0,2439,3333," 1,96,500 ",0,Loan Approved,1,820
169,LP001579,15574692,Pinto,Sr Manager,Graduate,No,667,No,Spain,Semiurban,Not Married,Female,39,2,0,Yes,2,Yes,No,0,2237,0," 40,721 ",1,Not Approved,1,593
170,LP001580,15611325,Wood,Manager,Graduate,No,682,Yes,Germany,Semiurban,Divorced,Male,24,9,57929.81,No,2,No,No,2,8000,0," 53,134 ",0,Loan Approved,1,627
171,LP001581,15587562,Hawkins,Manager,Not Graduate,No,484,Yes,France,Rural,Married,Female,29,4,130114.39,Yes,Yes,Yes,No,0,1820,1769," 1,64,018 ",0,Loan Approved,1,265
172,LP001585,15613172,Sun,VP,Graduate,No,628,Yes,Germany,Urban,Divorced,Male,27,5,95826.49,Yes,2,Yes,No,3+,51763,0," 1,55,997 ",0,Loan Approved,1,156
173,LP001586,15651022,Yost,Manager,Not Graduate,No,480,Yes,Germany,Rural,Divorced,Male,44,10,129608.57,Yes,Yes,Yes,No,3+,3522,0," 5,473 ",1,Not Approved,1,665
174,LP001594,15586310,Ting,Manager,Graduate,No,578,Yes,France,Semiurban,Divorced,Male,30,4,169462.09,Yes,Yes,Yes,No,0,5708,5625," 1,12,187 ",0,Loan Approved,1,822
175,LP001603,15625524,Rowe,Manager,Not Graduate,Yes,512,Yes,France,Semiurban,Divorced,Male,40,5,0,Yes,2,Yes,Yes,0,4344,736," 1,46,458 ",0,Not Approved,1,948
176,LP001606,15755209,Fu,Sr Manager,Graduate,No,484,Yes,Spain,Rural,Divorced,Female,35,7,133868.21,Yes,Yes,Yes,Yes,0,3497,1964," 27,286 ",0,Loan Approved,1,450
177,LP001608,15645248,Ho,Manager,Graduate,No,510,Yes,France,Rural,Married,Female,30,0,0,Yes,2,Yes,Yes,2,2045,1619," 1,30,553 ",0,Loan Approved,1,884
178,LP001610,15790355,Okechukwu,Manager,Graduate,No,606,No,Germany,Semiurban,Divorced,Male,36,5,190479.48,No,2,No,No,3+,5516,11300," 1,79,352 ",0,Not Approved,1,115
179,LP001616,15762615,Campbell,Executive,Graduate,No,597,Yes,Spain,Semiurban,Divorced,Female,40,8,101993.12,No,Yes,No,Yes,1,3750,0," 94,774 ",0,Loan Approved,1,851
180,LP001630,15625426,Ashbolt,Manager,Not Graduate,No,754,No,Germany,Urban,Not Married,Female,55,3,161608.81,Yes,Yes,Yes,No,0,2333,1451," 8,081 ",1,Not Approved,1,776
181,LP001633,15716334,Rozier,Executive,Graduate,No,850,No,Spain,Urban,Married,Female,45,2,122311.21,Yes,Yes,Yes,Yes,1,6400,7250," 19,483 ",0,Not Approved,1,721
182,LP001634,15789669,Hsia,Sr Manager,Graduate,No,510,No,France,Rural,Not Married,Male,65,2,0,Yes,2,Yes,Yes,0,1916,5063," 48,072 ",0,Not Approved,1,297
183,LP001636,15621075,Ogbonnaya,Manager,Graduate,No,778,Yes,Germany,Semiurban,Divorced,Female,45,1,162150.42,Yes,2,Yes,No,0,4600,0," 1,74,531 ",0,Loan Approved,1,172
184,LP001637,15810845,T'ang,Manager,Graduate,No,636,Yes,France,Semiurban,Divorced,Male,42,2,0,Yes,2,Yes,Yes,1,33846,0," 55,471 ",0,Not Approved,1,325
185,LP001639,15719377,Cocci,Manager,Graduate,No,804,Yes,France,Semiurban,Divorced,Female,50,4,0,Yes,Yes,Yes,Yes,0,3625,0," 8,547 ",1,Loan Approved,1,569
186,LP001640,15654506,Chang,Manager,Graduate,Yes,514,Yes,France,Semiurban,Married,Male,32,8,0,Yes,2,Yes,No,0,39147,4750," 95,857 ",0,Loan Approved,1,925
187,LP001641,15771977,T'ao,Manager,Graduate,Yes,730,No,France,Rural,Married,Female,39,1,99010.67,Yes,Yes,Yes,No,1,2178,0," 1,94,946 ",0,Not Approved,1,967
188,LP001643,15708710,Ford,Manager,Graduate,No,525,No,Spain,Rural,Divorced,Female,37,0,0,No,Yes,No,Yes,0,2383,2138," 1,31,522 ",0,Loan Approved,1,965
189,LP001644,15726676,Marshall,Manager,Graduate,Yes,616,Yes,Spain,Rural,Divorced,Male,30,5,0,No,2,No,Yes,0,674,5296," 1,96,109 ",0,Loan Approved,1,611
190,LP001647,15587421,Tsai,Executive,Graduate,No,687,Yes,Germany,Rural,Divorced,Female,34,7,111388.18,Yes,2,Yes,No,0,9328,0," 1,48,565 ",0,Loan Approved,1,623
191,LP001653,15726931,Onwumelu,Sr Manager,Not Graduate,No,715,Yes,France,Rural,Not Married,Female,41,8,56214.85,No,2,No,No,0,4885,0," 92,983 ",1,Loan Approved,1,128
192,LP001656,15771086,Graham,Executive,Graduate,No,512,Yes,France,Semiurban,Not Married,Female,36,3,84327.77,Yes,2,Yes,No,0,12000,0," 17,675 ",0,Not Approved,1,775
193,LP001657,15756850,Golovanov,Manager,Not Graduate,No,479,Yes,France,Urban,Married,Male,40,1,0,No,2,No,No,0,6033,0," 1,14,996 ",0,Not Approved,1,744
194,LP001658,15702741,Potts,Manager,Graduate,No,601,Yes,France,Semiurban,Not Married,Male,32,8,93012.89,Yes,Yes,Yes,No,0,3858,0," 86,957 ",0,Loan Approved,1,447
195,LP001664,15679200,Crawford,Manager,Graduate,No,580,Yes,Spain,Rural,Not Married,Male,29,9,61710.44,Yes,2,Yes,No,0,4191,0," 1,28,078 ",0,Loan Approved,1,521
196,LP001665,15594815,Aleshire,Manager,Graduate,No,807,Yes,France,Semiurban,Divorced,Male,35,3,174790.15,Yes,Yes,Yes,Yes,1,3125,2583, 600 ,0,Not Approved,1,679
197,LP001666,15635905,Moran,Manager,Graduate,No,616,Yes,Spain,Rural,Not Married,Female,32,6,0,Yes,2,Yes,Yes,0,8333,3750," 43,001 ",0,Loan Approved,1,693
198,LP001669,15777892,Samsonova,Manager,Not Graduate,No,721,Yes,Germany,Urban,Not Married,Male,37,3,107720.64,Yes,Yes,Yes,Yes,0,1907,2365," 1,58,591 ",0,Loan Approved,1,524
199,LP001671,15656176,Jenkins,AVP,Graduate,No,501,Yes,France,Semiurban,Married,Male,57,10,0,Yes,2,Yes,Yes,0,3416,2816," 47,847 ",0,Loan Approved,1,135
200,LP001673,15811127,Volkov,Manager,Graduate,Yes,521,Yes,France,Urban,Not Married,Male,35,6,96423.84,Yes,Yes,Yes,No,0,11000,0," 10,488 ",0,Not Approved,1,881
201,LP001674,15604482,Chiemezie,Manager,Not Graduate,No,850,Yes,Spain,Semiurban,Divorced,Male,30,2,141040.01,Yes,Yes,Yes,Yes,1,2600,2500," 5,978 ",0,Loan Approved,1,584
202,LP001677,15622911,Jude,Sr Manager,Graduate,No,759,No,France,Semiurban,Not Married,Male,42,4,105420.18,No,Yes,No,Yes,2,4923,0," 1,21,409 ",0,Loan Approved,1,627
203,LP001682,15600974,He,Executive,Not Graduate,No,516,Yes,Spain,Urban,Divorced,Male,50,5,0,No,Yes,No,Yes,3+,3992,0," 1,46,146 ",1,Not Approved,1,970
204,LP001688,15727868,Onuora,Executive,Not Graduate,No,711,Yes,France,Urban,Divorced,Female,38,2,129022.06,Yes,2,Yes,Yes,1,3500,1083," 14,375 ",1,Loan Approved,1,670
205,LP001691,15627801,Ginikanwa,Sr Manager,Not Graduate,No,512,Yes,Spain,Semiurban,Divorced,Male,33,3,176666.62,Yes,Yes,Yes,No,2,3917,0," 94,671 ",0,Loan Approved,1,187
206,LP001692,15773039,Ku,Sr Manager,Not Graduate,No,550,Yes,France,Semiurban,Not Married,Male,37,3,0,Yes,Yes,Yes,Yes,0,4408,0," 1,79,670 ",0,Loan Approved,1,198
207,LP001693,15755262,McDonald,AVP,Graduate,No,608,Yes,Spain,Urban,Not Married,Female,41,3,89763.84,No,Yes,No,No,0,3244,0," 1,99,305 ",1,Loan Approved,1,621
208,LP001698,15679531,Collins,Manager,Not Graduate,No,618,Yes,France,Rural,Not Married,Male,34,5,134954.53,Yes,Yes,Yes,Yes,0,3975,2531," 1,51,954 ",0,Loan Approved,1,481
209,LP001699,15684181,Hackett,Sr Manager,Graduate,No,643,Yes,France,Urban,Not Married,Male,45,5,0,Yes,Yes,Yes,No,0,2479,0," 1,42,514 ",1,Loan Approved,1,365
210,LP001702,15612087,Dike,Executive,Graduate,No,671,Yes,France,Semiurban,Not Married,Male,45,2,106376.85,No,Yes,No,Yes,0,3418,0," 1,58,265 ",0,Not Approved,1,911
211,LP001708,15752047,Trevisano,Executive,Graduate,No,689,Yes,Germany,Semiurban,Not Married,Male,33,2,161814.64,Yes,2,Yes,No,0,10000,0," 1,69,382 ",0,Not Approved,1,890
212,LP001711,15624592,Tan,Manager,Graduate,No,603,No,France,Semiurban,Married,Male,31,8,0,Yes,2,Yes,Yes,3+,3430,1250," 1,69,915 ",0,Not Approved,1,547
213,LP001713,15573152,Glassman,Manager,Graduate,Yes,620,Yes,France,Urban,Married,Female,41,9,0,No,2,No,No,1,7787,0," 88,852 ",0,Loan Approved,1,941
214,LP001715,15594917,Miller,Manager,Not Graduate,Yes,676,Yes,France,Rural,Divorced,Female,34,1,63095.01,Yes,Yes,Yes,Yes,3+,5703,0," 40,646 ",0,Loan Approved,1,196
215,LP001716,15785542,Kornilova,Manager,Graduate,No,572,Yes,Germany,Urban,Divorced,Male,26,4,118287.01,No,2,No,No,0,3173,3021," 60,427 ",0,Loan Approved,1,977
216,LP001720,15723488,Watson,Executive,Not Graduate,No,668,Yes,Germany,Semiurban,Married,Male,47,7,106854.21,No,Yes,No,Yes,3+,3850,983," 1,57,959 ",1,Loan Approved,1,378
217,LP001722,15680920,Marchesi,Manager,Graduate,No,695,Yes,France,Rural,Divorced,Male,46,7,49512.55,Yes,Yes,Yes,No,0,150,1800," 1,33,007 ",0,Not Approved,1,133
218,LP001726,15786308,Millar,Sr Manager,Graduate,No,730,Yes,Spain,Semiurban,Divorced,Female,33,9,0,No,2,No,No,0,3727,1775," 1,76,577 ",0,Loan Approved,1,457
219,LP001732,15659366,Shih,Manager,Graduate,No,807,No,France,Semiurban,Divorced,Male,43,1,105799.32,Yes,2,Yes,No,2,5000,0," 34,888 ",1,Not Approved,1,948
220,LP001734,15774854,Fuller,Executive,Graduate,No,592,No,France,Semiurban,Married,Male,54,8,0,Yes,Yes,Yes,Yes,2,4283,2383," 28,738 ",1,Loan Approved,1,840
221,LP001736,15725311,Hay,Executive,Graduate,No,726,No,France,Urban,Divorced,Female,31,9,114722.05,Yes,2,Yes,Yes,0,2221,0," 98,179 ",0,Not Approved,1,784
222,LP001743,15787155,Yang,Executive,Graduate,No,514,Yes,Spain,Semiurban,Divorced,Male,30,7,0,No,Yes,No,Yes,2,4009,1717," 1,25,010 ",0,Loan Approved,1,932
223,LP001744,15727829,McIntyre,Manager,Graduate,No,567,Yes,France,Semiurban,Not Married,Male,42,2,0,Yes,2,Yes,Yes,0,2971,2791," 1,67,985 ",0,Loan Approved,1,510
224,LP001749,15733247,Stevenson,Executive,Graduate,No,850,Yes,France,Semiurban,Divorced,Male,33,10,0,Yes,Yes,Yes,No,0,7578,1010," 4,862 ",1,Loan Approved,1,485
225,LP001750,15568748,Poole,Manager,Graduate,No,671,Yes,Germany,Semiurban,Divorced,Male,45,6,99564.22,Yes,Yes,Yes,Yes,0,6250,0," 1,08,872 ",1,Loan Approved,1,561
226,LP001751,15699029,Bagley,Manager,Graduate,No,670,Yes,France,Rural,Married,Male,37,4,170557.91,Yes,2,Yes,No,0,3250,0," 1,98,253 ",0,Not Approved,1,752
227,LP001754,15774393,Ch'ien,Manager,Not Graduate,Yes,694,Yes,France,Urban,Divorced,Female,30,9,0,Yes,2,Yes,Yes,0,4735,0," 26,960 ",0,Not Approved,1,451
228,LP001758,15676895,Cattaneo,Manager,Graduate,No,547,Yes,Germany,Semiurban,Married,Female,39,6,74596.15,Yes,3,Yes,Yes,2,6250,1695," 85,747 ",1,Loan Approved,1,503
229,LP001760,15637753,O'Sullivan,Manager,Graduate,No,751,Yes,Germany,Semiurban,Divorced,Male,50,2,96888.39,Yes,Yes,Yes,No,0,4758,0," 77,206 ",1,Loan Approved,1,201
230,LP001761,15605461,Lucas,Manager,Graduate,Yes,594,Yes,Germany,Rural,Not Married,Female,29,3,130830.22,Yes,Yes,Yes,No,0,6400,0," 61,049 ",0,Loan Approved,1,377
231,LP001765,15808473,Ringrose,Executive,Graduate,No,673,Yes,France,Semiurban,Married,Male,72,1,0,No,2,No,Yes,1,2491,2054," 1,11,981 ",0,Loan Approved,1,612
232,LP001768,15627000,Freeman,Executive,Graduate,No,610,Yes,France,Rural,Divorced,Male,40,0,0,Yes,2,Yes,No,0,3716,0," 62,233 ",0,Loan Approved,1,213
233,LP001770,15787174,Sergeyev,Executive,Not Graduate,No,512,Yes,France,Rural,Not Married,Female,37,1,0,No,2,No,Yes,0,3189,2598," 1,56,105 ",0,Loan Approved,1,979
234,LP001776,15723886,Fiore,Manager,Graduate,No,767,Yes,Germany,Semiurban,Not Married,Male,20,3,119714.25,No,2,No,Yes,0,8333,0," 1,50,135 ",0,Loan Approved,1,909
235,LP001778,15704769,Smith,Executive,Graduate,No,585,Yes,France,Semiurban,Married,Female,67,5,113978.97,No,2,No,Yes,1,3155,1779," 93,146 ",0,Loan Approved,1,596
236,LP001784,15772896,Dumetochukwu,Manager,Graduate,No,763,Yes,Germany,Rural,Divorced,Male,42,6,100160.75,Yes,Yes,Yes,No,1,5500,1260," 33,463 ",1,Loan Approved,1,674
237,LP001786,15711540,Pacheco,Executive,Graduate,No,712,Yes,France,Urban,Divorced,Female,29,2,0,Yes,Yes,Yes,Yes,0,5746,0," 1,44,375 ",0,Not Approved,1,621
238,LP001788,15764866,Synnot,Manager,Graduate,Yes,539,Yes,Germany,Urban,Not Married,Female,43,3,116220.5,Yes,3,Yes,No,0,3463,0," 55,804 ",1,Loan Approved,1,916
239,LP001790,15794056,Johnston,Manager,Graduate,No,668,Yes,France,Rural,Not Married,Female,46,2,0,Yes,3,Yes,No,1,3812,0," 89,048 ",1,Loan Approved,1,523
240,LP001792,15795149,Stevens,Manager,Graduate,No,703,Yes,France,Semiurban,Divorced,Male,28,2,81173.83,No,2,No,Yes,1,3315,0," 1,62,812 ",0,Loan Approved,1,913
241,LP001798,15812009,Grant,Sr Manager,Graduate,No,662,Yes,Spain,Rural,Divorced,Male,38,4,0,Yes,2,Yes,No,2,5819,5000," 1,36,260 ",0,Loan Approved,1,257
242,LP001800,15651001,Tsao,Manager,Not Graduate,No,725,Yes,Germany,Urban,Married,Female,39,5,116803.8,Yes,Yes,Yes,No,1,2510,1983," 1,24,053 ",0,Not Approved,1,815
243,LP001806,15813844,Barnes,Manager,Graduate,No,703,Yes,France,Urban,Not Married,Male,37,8,105961.68,No,2,No,Yes,0,2965,5701," 74,159 ",0,Loan Approved,1,237
244,LP001807,15596175,McIntosh,Manager,Graduate,Yes,659,Yes,Germany,Rural,Married,Male,67,6,117411.6,Yes,Yes,Yes,Yes,2,6250,1300," 45,071 ",1,Loan Approved,1,518
245,LP001811,15576269,Madison,Manager,Not Graduate,No,523,Yes,Spain,Semiurban,Divorced,Male,34,7,0,Yes,2,Yes,No,0,3406,4417," 62,030 ",0,Loan Approved,1,348
246,LP001813,15797219,Ifesinachi,Manager,Graduate,Yes,635,Yes,France,Urban,Not Married,Female,40,10,123497.58,Yes,Yes,Yes,No,0,6050,4333," 1,31,953 ",1,Not Approved,1,512
247,LP001814,15685500,Glazkov,AVP,Graduate,No,772,Yes,Germany,Urban,Married,Male,26,7,152400.51,Yes,2,Yes,No,2,9703,0," 79,414 ",0,Loan Approved,1,497
248,LP001819,15599792,Dimauro,Manager,Not Graduate,No,545,Yes,France,Urban,Married,Female,26,1,0,Yes,2,Yes,Yes,1,6608,0," 1,99,639 ",0,Loan Approved,1,231
249,LP001824,15657566,Wieck,Executive,Graduate,No,634,Yes,Germany,Semiurban,Divorced,Male,24,8,103097.85,Yes,Yes,Yes,Yes,1,2882,1843," 1,57,577 ",0,Loan Approved,1,791
250,LP001825,15772423,Liao,Executive,Graduate,No,739,Yes,Germany,Urban,Divorced,Male,54,8,126418.14,Yes,Yes,Yes,No,0,1809,1868," 1,34,421 ",1,Loan Approved,1,565
251,LP001835,15628112,Hughes,Executive,Not Graduate,No,771,No,Germany,Semiurban,Divorced,Female,36,5,77846.9,No,Yes,No,No,0,1668,3890," 99,806 ",0,Not Approved,1,552
252,LP001836,15753754,Morrison,Sr Manager,Graduate,No,587,Yes,Spain,Urban,Not Married,Female,34,1,0,Yes,2,Yes,Yes,2,3427,0," 97,933 ",0,Not Approved,1,539
253,LP001841,15793726,Matveyeva,Manager,Not Graduate,Yes,681,Yes,France,Rural,Not Married,Female,79,0,0,No,2,No,Yes,0,2583,2167," 1,70,969 ",0,Loan Approved,1,199
254,LP001843,15694717,Ku,Sr Manager,Not Graduate,No,544,Yes,Germany,Semiurban,Divorced,Male,37,2,79731.91,Yes,Yes,Yes,Yes,1,2661,7101," 57,559 ",0,Loan Approved,1,819
255,LP001844,15665834,Cheatham,Manager,Graduate,Yes,696,No,Spain,Urban,Not Married,Male,28,8,0,No,Yes,No,No,0,16250,0," 1,76,713 ",0,Not Approved,1,958
256,LP001846,15765297,Yao,Executive,Graduate,No,766,Yes,Spain,Rural,Not Married,Male,41,0,0,No,2,No,Yes,3+,3083,0," 34,283 ",0,Loan Approved,1,620
257,LP001849,15636684,Kirkland,Sr Manager,Not Graduate,No,727,No,France,Rural,Not Married,Male,34,10,0,Yes,2,Yes,Yes,0,6045,0," 1,98,637 ",0,Not Approved,1,697
258,LP001854,15592979,Rose,Executive,Graduate,No,671,Yes,Germany,Urban,Divorced,Female,34,6,37266.67,No,2,No,No,3+,5250,0," 1,56,917 ",0,Not Approved,1,454
259,LP001859,15750803,Jess,Executive,Graduate,No,693,Yes,France,Rural,Divorced,Female,30,6,127992.25,Yes,Yes,Yes,Yes,0,14683,2100," 50,457 ",0,Not Approved,1,350
260,LP001864,15607178,Welch,Manager,Not Graduate,No,850,Yes,Germany,Semiurban,Married,Male,38,3,54901.01,Yes,Yes,Yes,Yes,3+,4931,0," 1,40,076 ",0,Not Approved,1,758
261,LP001865,15713853,Ifeajuna,Executive,Graduate,No,732,Yes,Germany,Urban,Divorced,Male,42,9,108748.08,Yes,2,Yes,Yes,1,6083,4250," 65,323 ",0,Loan Approved,1,976
262,LP001868,15673481,Morton,Manager,Graduate,No,726,Yes,Spain,Semiurban,Not Married,Female,48,6,99906.19,Yes,Yes,Yes,No,0,2060,2209," 64,323 ",0,Loan Approved,1,436
263,LP001870,15686776,Rossi,Manager,Graduate,No,557,Yes,France,Semiurban,Not Married,Female,32,6,184686.41,Yes,2,Yes,No,1,3481,0," 14,956 ",0,Not Approved,1,527
264,LP001871,15673693,Reppert,Sr Manager,Graduate,No,682,Yes,France,Rural,Not Married,Female,26,0,110654.02,No,Yes,No,Yes,0,7200,0," 1,11,879 ",0,Loan Approved,1,121
265,LP001872,15700696,Kang,Manager,Graduate,Yes,738,Yes,Spain,Semiurban,Not Married,Male,31,9,79019.8,Yes,Yes,Yes,Yes,0,5166,0," 18,606 ",0,Loan Approved,1,327
266,LP001875,15813163,Ch'iu,Executive,Graduate,No,531,Yes,Spain,Rural,Not Married,Female,36,9,99240.51,Yes,Yes,Yes,No,0,4095,3447," 1,23,137 ",0,Loan Approved,1,792
267,LP001877,15653857,Wallis,Manager,Graduate,No,498,Yes,France,Semiurban,Divorced,Male,34,2,0,Yes,2,Yes,Yes,2,4708,1387," 1,48,528 ",0,Loan Approved,1,235
268,LP001882,15777076,Clark,AVP,Graduate,No,651,No,France,Urban,Divorced,Male,36,7,0,Yes,2,Yes,No,3+,4333,1811," 13,898 ",0,Loan Approved,1,531
269,LP001883,15717398,Fielding,Manager,Graduate,No,549,Yes,Spain,Rural,Not Married,Female,39,7,0,No,Yes,No,No,0,3418,0," 81,259 ",1,Not Approved,1,780
270,LP001884,15799217,Zetticci,Sr Manager,Graduate,No,791,Yes,Germany,Urban,Not Married,Female,35,7,52436.2,Yes,Yes,Yes,No,1,2876,1560," 1,61,052 ",0,Loan Approved,1,616
271,LP001888,15787071,Dulhunty,AVP,Graduate,No,650,Yes,Spain,Urban,Not Married,Male,41,9,0,No,2,No,Yes,0,3237,0," 1,91,600 ",0,Loan Approved,1,714
272,LP001891,15619955,Bevington,Manager,Graduate,No,733,Yes,Germany,Urban,Divorced,Male,34,3,100337.96,Yes,3,Yes,No,0,11146,0," 48,559 ",1,Loan Approved,1,685
273,LP001892,15796505,Boyle,Manager,Graduate,No,811,Yes,Germany,Rural,Not Married,Female,34,1,149297.19,Yes,2,Yes,Yes,0,2833,1857," 1,86,340 ",0,Loan Approved,1,157
274,LP001894,15725166,Newton,VP,Graduate,No,707,Yes,France,Semiurban,Divorced,Male,30,8,0,Yes,2,Yes,No,0,2620,2223," 33,159 ",0,Loan Approved,1,260
275,LP001896,15800116,Bowman,Manager,Graduate,No,712,Yes,Germany,Semiurban,Married,Male,28,4,145605.44,No,Yes,No,Yes,2,3900,0," 93,884 ",0,Loan Approved,1,395
276,LP001900,15758685,Dubinina,Manager,Graduate,No,706,Yes,Spain,Semiurban,Married,Female,37,7,0,Yes,2,Yes,Yes,1,2750,1842," 1,10,899 ",0,Loan Approved,1,184
277,LP001903,15694456,Toscani,Executive,Graduate,No,756,Yes,France,Semiurban,Married,Male,62,3,0,Yes,Yes,Yes,Yes,0,3993,3274," 11,199 ",1,Loan Approved,1,562
278,LP001904,15767339,Chiazagomekpere,Manager,Graduate,No,777,Yes,France,Urban,Married,Female,53,10,0,Yes,2,Yes,No,0,3103,1300," 1,89,993 ",0,Loan Approved,1,469
279,LP001907,15683562,Allen,Manager,Graduate,No,646,Yes,France,Semiurban,Married,Male,35,6,84026.86,No,Yes,No,Yes,0,14583,0," 1,64,256 ",0,Loan Approved,1,215
280,LP001908,15782210,K'ung,Manager,Not Graduate,No,714,Yes,France,Rural,Divorced,Male,46,1,0,Yes,Yes,Yes,No,0,4100,0," 1,52,168 ",1,Loan Approved,1,502
281,LP001910,15668893,Wilsmore,Manager,Not Graduate,Yes,782,No,France,Urban,Not Married,Male,39,8,0,Yes,2,Yes,Yes,1,4053,2426," 33,950 ",0,Not Approved,1,949
282,LP001914,15669169,Hargreaves,Executive,Graduate,No,775,Yes,Spain,Semiurban,Divorced,Male,29,10,0,Yes,2,Yes,Yes,0,3927,800," 68,144 ",0,Loan Approved,1,343
283,LP001915,15643024,Huang,VP,Graduate,No,479,Yes,Germany,Urban,Divorced,Male,35,4,138718.92,Yes,Yes,Yes,Yes,2,2301,985.7999878," 47,252 ",1,Loan Approved,1,848
284,LP001917,15699389,Ch'ien,Sr Manager,Graduate,No,807,Yes,France,Urban,Not Married,Male,42,7,118274.71,Yes,Yes,Yes,Yes,0,1811,1666," 25,886 ",0,Loan Approved,1,789
285,LP001922,15708608,Wallwork,AVP,Graduate,No,799,Yes,France,Rural,Divorced,Female,22,8,174185.98,No,2,No,Yes,0,20667,0," 1,92,634 ",0,Not Approved,1,377
286,LP001924,15626144,Chu,Manager,Graduate,No,675,Yes,France,Rural,Not Married,Male,40,7,113208.86,Yes,2,Yes,No,0,3158,3053," 34,577 ",0,Loan Approved,1,546
287,LP001925,15573112,Kang,Manager,Graduate,Yes,602,Yes,Spain,Semiurban,Not Married,Male,29,5,103907.28,Yes,Yes,Yes,No,0,2600,1717," 1,61,230 ",0,Not Approved,1,323
288,LP001926,15790678,Davidson,Manager,Graduate,No,475,Yes,France,Rural,Married,Female,32,8,119023.28,Yes,Yes,Yes,No,0,3704,2000," 1,00,816 ",0,Loan Approved,1,562
289,LP001931,15727556,O'Donnell,Manager,Graduate,No,744,Yes,Spain,Semiurban,Not Married,Female,26,5,166297.89,Yes,Yes,Yes,Yes,0,4124,0," 1,81,694 ",0,Loan Approved,1,393
290,LP001935,15697307,Nnachetam,Manager,Graduate,No,588,Yes,Spain,Rural,Not Married,Male,34,10,0,Yes,2,Yes,No,0,9508,0," 79,079 ",0,Loan Approved,1,337
291,LP001936,15652266,Chidiebele,Sr Manager,Graduate,No,703,Yes,Germany,Rural,Married,Male,42,9,63227,No,Yes,No,Yes,0,3075,2416," 1,37,316 ",0,Loan Approved,1,991
292,LP001938,15607098,Ahmed,Manager,Graduate,No,747,No,Spain,Semiurban,Married,Female,41,5,94521.17,Yes,2,Yes,No,2,4400,0," 1,94,927 ",0,Not Approved,1,254
293,LP001940,15655774,Booth,Executive,Graduate,No,583,Yes,France,Urban,Married,Male,27,7,0,Yes,2,Yes,No,2,3153,1560," 51,285 ",0,Loan Approved,1,225
294,LP001945,15590241,Chuang,AVP,Graduate,No,750,No,Spain,Urban,Not Married,Female,34,9,112822.26,No,Yes,No,No,0,5417,0," 1,50,402 ",1,Not Approved,1,930
295,LP001947,15785819,Shao,Sr Manager,Graduate,No,681,Yes,France,Semiurban,Divorced,Male,38,3,0,Yes,2,Yes,Yes,0,2383,3334," 1,12,492 ",0,Loan Approved,1,514
296,LP001949,15723654,Tsao,Executive,Graduate,No,773,Yes,France,Urban,Divorced,Male,25,2,135903.33,Yes,Yes,Yes,No,3+,4416,1250," 73,656 ",0,Loan Approved,1,875
297,LP001953,15774510,Tien,AVP,Graduate,No,714,Yes,France,Semiurban,Divorced,Female,31,4,125169.26,Yes,Yes,Yes,Yes,1,6875,0," 1,06,637 ",0,Loan Approved,1,537
298,LP001954,15684173,Chang,Manager,Graduate,No,687,Yes,Spain,Urban,Divorced,Female,44,7,0,Yes,3,Yes,No,1,4666,0," 1,55,854 ",1,Loan Approved,1,903
299,LP001955,15650068,Johnson,Manager,Graduate,No,511,Yes,France,Rural,Not Married,Male,58,0,149117.31,Yes,Yes,Yes,Yes,0,5000,2541," 1,62,600 ",0,Not Approved,1,944
300,LP001963,15811490,French,Manager,Graduate,No,627,Yes,France,Urban,Married,Male,33,5,0,Yes,2,Yes,Yes,1,2014,2925," 1,03,738 ",0,Not Approved,1,209
301,LP001964,15803976,Efremov,VP,Not Graduate,No,694,No,France,Urban,Divorced,Female,31,10,0,Yes,2,Yes,No,0,1800,2934," 1,60,990 ",0,Not Approved,1,731
302,LP001972,15682541,Hartley,Manager,Not Graduate,No,616,Yes,Spain,Semiurban,Married,Female,36,6,132311.71,No,Yes,No,No,0,2875,1750," 15,463 ",0,Loan Approved,1,239
303,LP001974,15695699,Calabrese,Executive,Graduate,No,687,Yes,France,Rural,Not Married,Male,35,8,0,Yes,2,Yes,No,0,5000,0," 10,334 ",0,Loan Approved,1,714
304,LP001977,15624188,Chiu,Manager,Graduate,No,712,Yes,France,Urban,Divorced,Female,33,6,0,Yes,2,Yes,Yes,1,1625,1803," 1,90,686 ",0,Loan Approved,1,421
305,LP001978,15812191,Brennan,Executive,Graduate,No,553,Yes,France,Rural,Not Married,Male,33,4,118082.89,No,Yes,No,No,0,4000,2500," 94,440 ",0,Loan Approved,1,638
306,LP001990,15636673,Onwuatuegwu,Executive,Not Graduate,No,667,Yes,France,Urban,Not Married,Male,31,1,119266.69,Yes,Yes,Yes,Yes,0,2000,0," 28,258 ",0,Not Approved,1,809
307,LP001993,15594898,Hewitt,Manager,Graduate,No,731,Yes,France,Rural,Not Married,Male,43,2,0,Yes,Yes,Yes,Yes,0,3762,1666," 1,70,035 ",1,Loan Approved,1,216
308,LP001994,15660211,Shih,Manager,Graduate,No,629,No,Germany,Urban,Not Married,Male,35,7,156847.29,Yes,2,Yes,No,0,2400,1863," 31,824 ",0,Not Approved,1,584
309,LP001996,15773972,Balashov,VP,Graduate,No,614,Yes,France,Rural,Not Married,Male,50,4,137104.47,Yes,Yes,Yes,No,0,20233,0," 1,27,166 ",1,Not Approved,1,671
310,LP001998,15746726,Doyle,Executive,Not Graduate,No,438,Yes,Germany,Rural,Divorced,Male,31,8,78398.69,Yes,Yes,Yes,No,2,7667,0," 44,937 ",0,Loan Approved,1,545
311,LP002002,15712287,Pokrovskii,VP,Graduate,No,652,Yes,France,Semiurban,Not Married,Female,80,4,0,Yes,2,Yes,Yes,0,2917,0," 1,88,603 ",0,Loan Approved,1,463
312,LP002004,15702919,Collins,Manager,Not Graduate,No,729,Yes,Germany,Semiurban,Not Married,Male,30,6,63669.42,Yes,Yes,Yes,No,0,2927,2405," 1,45,111 ",0,Loan Approved,1,123
313,LP002006,15674398,Russo,Executive,Graduate,No,642,Yes,France,Rural,Not Married,Male,38,3,0,No,2,No,No,0,2507,0," 1,71,464 ",0,Loan Approved,1,704
314,LP002008,15797960,Skinner,Manager,Graduate,Yes,806,Yes,Germany,Rural,Divorced,Female,59,0,135296.33,Yes,Yes,Yes,No,2,5746,0," 1,82,823 ",0,Loan Approved,1,375
315,LP002024,15631868,Robertson,Executive,Graduate,No,744,Yes,Spain,Rural,Married,Male,36,2,153804.44,Yes,Yes,Yes,Yes,0,2473,1843," 87,213 ",0,Not Approved,1,306
316,LP002031,15581539,Atkinson,VP,Not Graduate,No,474,Yes,Spain,Urban,Divorced,Male,37,3,0,No,2,No,No,1,3399,1640," 57,175 ",0,Loan Approved,1,419
317,LP002035,15662736,Doyle,Executive,Graduate,No,559,Yes,France,Semiurban,Divorced,Male,49,2,147069.78,Yes,Yes,Yes,No,2,3717,0," 1,20,541 ",1,Loan Approved,1,520
318,LP002036,15666252,Ritchie,Executive,Graduate,No,706,Yes,Spain,Urban,Married,Male,42,9,0,Yes,2,Yes,Yes,0,2058,2134," 28,714 ",0,Loan Approved,1,394
319,LP002043,15677512,McEncroe,Executive,Graduate,No,628,Yes,Spain,Semiurban,Not Married,Female,22,3,0,Yes,Yes,Yes,No,1,3541,0," 85,426 ",0,Loan Approved,1,148
320,LP002050,15626114,Pearson,Manager,Graduate,Yes,429,Yes,France,Rural,Married,Male,24,4,95741.75,Yes,Yes,Yes,No,1,10000,0," 46,171 ",0,Not Approved,1,964
321,LP002051,15810834,Gordon,Executive,Graduate,No,525,Yes,Spain,Semiurban,Divorced,Female,57,2,145965.33,Yes,Yes,Yes,Yes,0,2400,2167," 64,448 ",0,Loan Approved,1,227
322,LP002053,15678910,Ts'ai,Executive,Graduate,No,680,Yes,France,Semiurban,Divorced,Female,30,8,141441.75,Yes,Yes,Yes,Yes,3+,4342,189," 16,279 ",0,Loan Approved,1,689
323,LP002054,15694408,Lung,Sr Manager,Not Graduate,No,749,Yes,France,Rural,Divorced,Male,40,1,139290.41,Yes,Yes,Yes,No,2,3601,1590," 1,82,855 ",1,Loan Approved,1,605
324,LP002055,15585215,Yuan,Sr Manager,Graduate,No,763,Yes,France,Rural,Not Married,Female,31,4,0,No,2,No,No,0,3166,2985," 50,405 ",0,Loan Approved,1,293
325,LP002065,15682757,Pardey,AVP,Graduate,No,734,Yes,France,Rural,Divorced,Male,30,3,0,Yes,2,Yes,No,3+,15000,0," 1,07,640 ",0,Loan Approved,1,735
326,LP002067,15736601,Tai,Manager,Graduate,Yes,716,No,France,Rural,Married,Male,35,4,144428.87,Yes,Yes,Yes,No,1,8666,4983," 1,34,133 ",0,Not Approved,1,194
327,LP002068,15601848,Scott,Manager,Graduate,No,594,No,France,Rural,Not Married,Male,35,2,0,Yes,2,Yes,No,0,4917,0," 1,03,481 ",0,Loan Approved,1,419
328,LP002082,15736008,Hunter,Manager,Graduate,Yes,644,Yes,France,Semiurban,Divorced,Female,46,9,95441.27,Yes,Yes,Yes,No,0,5818,2160," 1,08,761 ",1,Loan Approved,1,868
329,LP002086,15669064,Mazzanti,Sr Manager,Graduate,No,671,Yes,Germany,Urban,Divorced,Male,35,1,144848.74,Yes,Yes,Yes,Yes,0,4333,2451," 1,79,012 ",0,Not Approved,1,182
330,LP002087,15624528,L?,AVP,Graduate,No,664,Yes,Germany,Urban,Not Married,Male,26,7,116244.14,Yes,2,Yes,Yes,0,2500,0," 95,145 ",0,Loan Approved,1,695
331,LP002097,15598493,Beach,Executive,Graduate,No,656,Yes,France,Urban,Not Married,Male,50,7,0,No,2,No,Yes,1,4384,1793," 72,143 ",0,Loan Approved,1,307
332,LP002098,15601274,Hsieh,Manager,Graduate,No,667,Yes,Spain,Semiurban,Not Married,Female,40,1,146502.07,Yes,Yes,Yes,No,0,2935,0," 19,163 ",0,Loan Approved,1,556
333,LP002100,15702669,Faulkner,Sr Manager,Graduate,No,663,Yes,Germany,Urban,Not Married,Male,44,2,117028.6,No,2,No,Yes,0,2833,0," 1,44,680 ",0,Loan Approved,1,333
334,LP002101,15728669,Knowles,Manager,Graduate,No,584,Yes,Germany,Urban,Divorced,Female,30,8,112013.81,Yes,Yes,Yes,No,0,63337,0," 1,77,772 ",1,Loan Approved,1,402
335,LP002103,15742668,Day,Manager,Graduate,Yes,626,Yes,Spain,Urban,Divorced,Female,37,6,108269.37,Yes,Yes,Yes,No,1,9833,1833," 5,598 ",0,Loan Approved,1,216
336,LP002106,15697441,Hsueh,Manager,Graduate,Yes,485,Yes,France,Semiurban,Divorced,Male,29,7,182123.79,Yes,Yes,Yes,No,0,5503,4490," 1,16,829 ",1,Loan Approved,1,827
337,LP002110,15740476,Tsao,Manager,Graduate,Yes,659,Yes,Germany,Rural,Divorced,Female,32,3,150923.74,No,2,No,Yes,1,5250,688," 1,74,653 ",0,Loan Approved,1,696
338,LP002112,15648064,Kennedy,Manager,Graduate,Yes,649,Yes,France,Rural,Married,Male,33,2,0,Yes,2,Yes,No,2,2500,4600," 2,011 ",0,Loan Approved,1,996
339,LP002113,15636624,Nwabugwu,Sr Manager,Not Graduate,No,805,No,Spain,Urban,Not Married,Female,39,5,165272.13,Yes,Yes,Yes,No,3+,1830,0," 14,110 ",1,Not Approved,1,313
340,LP002114,15807923,Young,Sr Manager,Graduate,No,716,Yes,Germany,Semiurban,Not Married,Female,39,10,115301.31,Yes,Yes,Yes,No,0,4160,0," 43,527 ",1,Loan Approved,1,937
341,LP002115,15745844,Kerr,Sr Manager,Not Graduate,No,642,Yes,Germany,Rural,Divorced,Female,40,6,129502.49,No,2,No,Yes,3+,2647,1587," 86,099 ",1,Not Approved,1,256
342,LP002116,15786170,Tien,Executive,Graduate,No,659,Yes,France,Rural,Not Married,Male,31,4,118342.26,No,Yes,No,No,0,2378,0," 1,61,574 ",0,Not Approved,1,764
343,LP002119,15681081,Marrero,Sr Manager,Not Graduate,No,545,Yes,Spain,Urban,Divorced,Female,47,5,0,Yes,2,Yes,Yes,1,4554,1229," 38,970 ",0,Loan Approved,1,922
344,LP002126,15684484,White,Sr Manager,Not Graduate,No,543,Yes,France,Semiurban,Divorced,Male,22,8,0,No,2,No,No,3+,3173,0," 1,27,587 ",0,Loan Approved,1,940
345,LP002128,15785869,Pisano,Executive,Graduate,No,718,Yes,France,Rural,Divorced,Female,25,7,0,Yes,2,Yes,No,2,2583,2330," 30,380 ",0,Loan Approved,1,113
346,LP002129,15763859,Brown,Executive,Graduate,No,840,Yes,France,Semiurban,Divorced,Female,43,7,0,Yes,2,Yes,No,0,2499,2458," 90,909 ",0,Loan Approved,1,955
347,LP002130,15658935,Freeman,Sr Manager,Not Graduate,No,630,No,Germany,Rural,Married,Female,34,9,106937.05,Yes,2,Yes,No,0,3523,3230," 1,38,275 ",0,Not Approved,1,138
348,LP002131,15747358,Russell,Sr Manager,Not Graduate,No,643,Yes,Germany,Urban,Divorced,Male,59,3,170331.37,Yes,Yes,Yes,Yes,2,3083,2168," 32,172 ",0,Loan Approved,1,927
349,LP002137,15735203,Seleznyov,Sr Manager,Graduate,No,654,Yes,Germany,Semiurban,Married,Female,32,1,114510.85,Yes,Yes,Yes,Yes,0,6333,4583," 1,26,143 ",0,Loan Approved,1,684
350,LP002138,15576256,Yusupova,Executive,Graduate,No,582,Yes,France,Rural,Married,Male,39,5,0,Yes,2,Yes,Yes,0,2625,6250," 1,29,893 ",0,Loan Approved,1,830
351,LP002139,15659420,Foley,Sr Manager,Graduate,No,659,Yes,Spain,Semiurban,Married,Male,32,3,107594.11,Yes,2,Yes,Yes,0,9083,0," 1,02,417 ",0,Loan Approved,1,739
352,LP002140,15593365,Shih,AVP,Graduate,No,762,Yes,Spain,Rural,Not Married,Male,39,2,81273.13,Yes,Yes,Yes,Yes,0,8750,4167," 18,720 ",0,Not Approved,1,403
353,LP002141,15777352,Ikedinachukwu,Executive,Graduate,No,568,Yes,Spain,Rural,Married,Female,32,7,169399.6,Yes,Yes,Yes,No,3+,2666,2083," 61,936 ",0,Loan Approved,1,483
354,LP002142,15812007,Power,Manager,Graduate,Yes,670,No,Spain,Rural,Divorced,Male,25,6,0,Yes,2,Yes,Yes,0,5500,0," 78,359 ",0,Not Approved,1,434
355,LP002143,15625461,Amos,AVP,Graduate,No,613,Yes,France,Semiurban,Married,Female,45,1,187841.99,Yes,2,Yes,Yes,0,2423,505," 1,47,224 ",0,Loan Approved,1,503
356,LP002144,15739438,Reed,Executive,Graduate,No,539,Yes,France,Urban,Not Married,Male,30,0,0,Yes,2,Yes,No,0,3813,0," 1,60,980 ",0,Loan Approved,1,406
357,LP002149,15611759,Simmons,Manager,Graduate,No,850,Yes,Spain,Rural,Divorced,Female,57,8,126776.3,Yes,2,Yes,Yes,2,8333,3167," 1,32,298 ",0,Loan Approved,1,980
358,LP002151,15661629,Ricci,Manager,Graduate,No,522,Yes,Spain,Urban,Divorced,Male,34,9,126436.29,Yes,Yes,Yes,No,1,3875,0," 1,74,249 ",1,Not Approved,1,457
359,LP002158,15633950,Yen,AVP,Not Graduate,No,737,No,France,Urban,Married,Male,41,1,101960.74,Yes,Yes,Yes,Yes,0,3000,1666," 1,23,547 ",0,Not Approved,1,685
360,LP002160,15592386,Campbell,Executive,Graduate,No,520,Yes,France,Semiurban,Divorced,Male,58,3,0,No,2,No,Yes,3+,5167,3167," 32,790 ",0,Loan Approved,1,648
361,LP002161,15803716,West,Manager,Graduate,No,706,Yes,Spain,Semiurban,Not Married,Male,28,3,0,No,2,No,Yes,1,4723,0," 1,81,544 ",0,Not Approved,1,925
362,LP002170,15696674,Robinson,Manager,Graduate,No,643,Yes,Germany,Semiurban,Divorced,Female,45,2,150842.93,No,Yes,No,Yes,2,5000,3667," 2,320 ",1,Loan Approved,1,480
363,LP002175,15706365,Bianchi,Sr Manager,Graduate,No,648,Yes,France,Urban,Divorced,Female,50,9,102535.57,Yes,Yes,Yes,Yes,0,4750,2333," 1,89,543 ",0,Loan Approved,1,918
364,LP002178,15745088,Chen,Manager,Graduate,No,443,Yes,Germany,Urban,Divorced,Female,29,9,99027.61,Yes,2,Yes,No,0,3013,3033," 10,940 ",0,Loan Approved,1,603
365,LP002180,15676715,Madukaego,Manager,Graduate,Yes,640,Yes,France,Rural,Not Married,Male,68,9,0,Yes,2,Yes,Yes,0,6822,0," 1,99,493 ",0,Loan Approved,1,280
366,LP002181,15613085,Ibrahimova,VP,Not Graduate,No,628,Yes,Spain,Rural,Not Married,Female,33,3,0,Yes,Yes,Yes,Yes,0,6216,0," 1,88,193 ",0,Not Approved,1,898
367,LP002187,15633537,Nolan,Manager,Graduate,No,540,Yes,Germany,Semiurban,Not Married,Female,42,9,87271.41,Yes,2,Yes,No,0,2500,0," 1,72,573 ",0,Not Approved,1,655
368,LP002188,15594720,Scott,Executive,Graduate,No,460,No,Germany,Rural,Not Married,Female,35,8,102742.91,Yes,2,Yes,Yes,0,5124,0," 1,89,340 ",0,Not Approved,1,325
369,LP002190,15684042,Blair,Executive,Graduate,No,636,Yes,Germany,Semiurban,Divorced,Male,34,2,40105.51,No,2,No,Yes,1,6325,0," 53,512 ",0,Loan Approved,1,952
370,LP002191,15583303,Monaldo,Manager,Graduate,No,593,Yes,France,Rural,Divorced,Female,29,2,152265.43,Yes,Yes,Yes,No,0,19730,5266," 34,004 ",0,Not Approved,1,543
371,LP002194,15611579,Sutherland,Manager,Graduate,Yes,801,Yes,Spain,Semiurban,Not Married,Male,42,4,141947.67,Yes,Yes,Yes,Yes,0,15759,0," 10,598 ",0,Loan Approved,1,967
372,LP002197,15774696,Cole,AVP,Graduate,No,640,Yes,Germany,Semiurban,Divorced,Female,75,1,106307.91,No,2,No,Yes,2,5185,0," 1,13,429 ",0,Loan Approved,1,271
373,LP002201,15694506,Briggs,Manager,Graduate,Yes,611,Yes,Germany,Rural,Divorced,Male,31,0,107884.81,Yes,2,Yes,Yes,2,9323,7873," 1,83,488 ",0,Loan Approved,1,830
374,LP002205,15688074,Gregory,Executive,Graduate,No,802,No,Germany,Urban,Not Married,Male,31,1,125013.72,Yes,Yes,Yes,Yes,1,3062,1987," 1,87,658 ",0,Not Approved,1,183
375,LP002209,15759537,Bianchi,Executive,Graduate,No,717,Yes,Germany,Urban,Not Married,Male,35,7,58469.37,Yes,2,Yes,Yes,0,2764,1459," 1,72,459 ",0,Loan Approved,1,911
376,LP002211,15758449,Angelo,Executive,Graduate,No,769,Yes,France,Urban,Married,Female,39,8,0,No,Yes,No,Yes,0,4817,923," 21,016 ",0,Loan Approved,1,560
377,LP002219,15583456,Gardiner,Sr Manager,Graduate,No,745,Yes,Germany,Rural,Divorced,Male,45,10,117231.63,Yes,3,Yes,Yes,3+,8750,4996," 1,22,381 ",1,Loan Approved,1,431
378,LP002223,15667871,Kerr,Manager,Graduate,No,572,Yes,Spain,Semiurban,Divorced,Male,35,4,152390.26,Yes,Yes,Yes,No,0,4310,0," 1,28,124 ",0,Loan Approved,1,736
379,LP002224,15677371,Ko,Manager,Graduate,No,629,Yes,Spain,Urban,Not Married,Female,30,2,34013.63,Yes,Yes,Yes,No,0,3069,0," 19,571 ",0,Not Approved,1,977
380,LP002225,15629677,Distefano,Manager,Graduate,No,687,Yes,Spain,Urban,Married,Female,39,2,0,No,3,No,No,2,5391,0," 1,88,151 ",1,Loan Approved,1,622
381,LP002226,15713578,Farrell,Manager,Graduate,No,483,Yes,France,Semiurban,Divorced,Female,50,9,0,Yes,2,Yes,Yes,0,3333,2500," 1,11,020 ",0,Loan Approved,1,466
382,LP002229,15591509,Milano,Executive,Graduate,No,690,Yes,France,Semiurban,Not Married,Male,36,7,101583.11,Yes,2,Yes,No,0,5941,4232," 1,23,775 ",0,Loan Approved,1,867
383,LP002231,15568240,Ting,Sr Manager,Graduate,No,492,Yes,Germany,Urban,Not Married,Female,30,10,77168.87,No,2,No,Yes,0,6000,0," 1,46,700 ",0,Loan Approved,1,807
384,LP002234,15622993,Boyd,Manager,Graduate,Yes,709,Yes,Germany,Urban,Not Married,Male,28,8,124695.72,Yes,2,Yes,No,0,7167,0," 1,45,251 ",0,Loan Approved,1,421
385,LP002236,15689294,Onyemaechi,Manager,Graduate,No,705,Yes,Germany,Urban,Divorced,Male,44,3,105934.96,Yes,Yes,Yes,No,2,4566,0," 82,464 ",0,Not Approved,1,919
386,LP002237,15720910,Black,Sr Manager,Graduate,No,560,Yes,France,Urban,Not Married,Female,66,9,0,Yes,Yes,Yes,Yes,1,3667,0," 15,928 ",0,Loan Approved,1,780
387,LP002239,15721181,Oliver,Executive,Not Graduate,No,611,Yes,Spain,Semiurban,Not Married,Male,46,6,0,Yes,2,Yes,No,0,2346,1600," 45,886 ",0,Loan Approved,1,727
388,LP002243,15776433,Greco,Executive,Not Graduate,No,730,No,Spain,Urban,Divorced,Male,62,2,0,Yes,2,Yes,Yes,0,3010,3136," 1,86,490 ",0,Not Approved,1,638
389,LP002244,15748936,Whitehead,Sr Manager,Graduate,No,709,Yes,Spain,Urban,Married,Female,45,2,0,No,2,No,Yes,0,2333,2417," 1,62,923 ",0,Loan Approved,1,805
390,LP002250,15717225,Ikemefuna,Sr Manager,Graduate,No,544,Yes,France,Rural,Married,Female,21,10,161525.96,Yes,2,Yes,No,0,5488,0," 9,263 ",0,Loan Approved,1,638
391,LP002255,15685226,Morrison,Manager,Graduate,No,712,Yes,Germany,Rural,Not Married,Female,29,7,147199.07,Yes,Yes,Yes,Yes,3+,9167,0," 84,932 ",0,Loan Approved,1,625
392,LP002262,15785611,Onyeoruru,AVP,Graduate,No,752,Yes,Germany,Rural,Married,Male,38,3,183102.29,Yes,Yes,Yes,Yes,3+,9504,0," 71,557 ",0,Loan Approved,1,361
393,LP002263,15573456,Cunningham,Sr Manager,Graduate,No,648,Yes,Spain,Urban,Married,Male,46,9,127209,Yes,2,Yes,No,0,2583,2115," 77,406 ",1,Loan Approved,1,148
394,LP002265,15684548,Demidov,Manager,Not Graduate,No,556,Yes,Spain,Semiurban,Divorced,Male,38,8,0,No,2,No,No,2,1993,1625, 417 ,1,Loan Approved,1,628
395,LP002266,15620505,Celis,Manager,Graduate,No,594,Yes,Spain,Urban,Divorced,Female,24,0,97378.54,Yes,Yes,Yes,Yes,2,3100,1400," 71,405 ",0,Loan Approved,1,680
396,LP002272,15807432,Cheng,Executive,Graduate,No,645,Yes,Germany,Semiurban,Divorced,Female,37,2,136925.09,No,2,No,Yes,2,3276,484," 1,53,400 ",0,Loan Approved,1,970
397,LP002277,15584766,Knight,Sr Manager,Graduate,No,557,No,France,Urban,Not Married,Male,33,3,54503.55,Yes,Yes,Yes,Yes,0,3180,0, 371 ,0,Not Approved,1,270
398,LP002281,15612187,Morin,Manager,Graduate,No,547,Yes,Germany,Urban,Divorced,Male,32,8,155726.85,Yes,Yes,Yes,No,0,3033,1459," 67,790 ",0,Loan Approved,1,158
399,LP002284,15762218,Mills,Manager,Not Graduate,No,701,Yes,France,Rural,Not Married,Female,39,9,0,No,2,No,Yes,0,3902,1666," 1,45,895 ",0,Loan Approved,1,149
400,LP002287,15646372,Outhwaite,Manager,Graduate,No,616,No,France,Semiurban,Not Married,Female,66,1,135842.41,Yes,Yes,Yes,No,0,1500,1800," 1,83,841 ",1,Not Approved,1,446
401,LP002288,15690452,Tung,Manager,Not Graduate,No,605,No,France,Urban,Divorced,Male,52,1,63349.75,Yes,Yes,Yes,No,2,2889,0," 1,08,887 ",0,Not Approved,1,850
402,LP002296,15747795,Pai,Manager,Not Graduate,No,593,Yes,Germany,Rural,Not Married,Female,38,4,129499.42,Yes,Yes,Yes,Yes,0,2755,0," 1,54,071 ",0,Not Approved,1,435
403,LP002297,15781589,Carpenter,Executive,Graduate,No,751,Yes,Spain,Semiurban,Not Married,Male,52,8,0,No,2,No,Yes,0,2500,20000," 1,79,292 ",0,Loan Approved,1,819
404,LP002300,15732674,Fennell,Executive,Not Graduate,No,443,Yes,Spain,Semiurban,Not Married,Male,36,6,70438.01,No,2,No,Yes,0,1963,0," 56,937 ",0,Loan Approved,1,576
405,LP002301,15642291,Fontaine,Manager,Graduate,Yes,685,Yes,France,Rural,Not Married,Male,23,8,0,Yes,2,Yes,Yes,0,7441,0," 1,12,239 ",0,Not Approved,1,631
406,LP002305,15692761,Pratt,Executive,Graduate,No,718,Yes,France,Semiurban,Not Married,Male,36,9,0,Yes,Yes,Yes,No,0,4547,0," 45,910 ",0,Loan Approved,1,521
407,LP002308,15578045,Mitchell,VP,Not Graduate,No,538,Yes,Spain,Urban,Married,Female,49,9,141434.04,No,Yes,No,No,0,2167,2400," 1,73,779 ",1,Loan Approved,1,993
408,LP002314,15745354,Franklin,Manager,Not Graduate,No,611,Yes,Spain,Rural,Not Married,Female,37,4,0,Yes,2,Yes,No,0,2213,0," 1,25,696 ",0,Loan Approved,1,631
409,LP002315,15701376,K'ung,Executive,Graduate,No,668,No,Germany,Semiurban,Divorced,Male,37,10,152958.29,Yes,2,Yes,Yes,1,8300,0," 1,59,586 ",0,Not Approved,1,274
410,LP002317,15691625,Ko,Manager,Graduate,No,537,No,Germany,Rural,Divorced,Female,41,3,138306.34,Yes,Yes,Yes,No,3+,81000,0," 1,06,761 ",0,Not Approved,1,638
411,LP002318,15566594,McKenzie,Manager,Not Graduate,Yes,709,Yes,Spain,Semiurban,Not Married,Male,23,10,0,No,2,No,No,1,3867,0," 1,29,590 ",0,Not Approved,1,356
412,LP002319,15760431,Pino,Executive,Graduate,Yes,850,Yes,France,Urban,Married,Male,38,1,0,Yes,2,Yes,Yes,0,6256,0," 80,007 ",0,Loan Approved,1,268
413,LP002328,15686302,Fisk,VP,Not Graduate,No,745,No,Spain,Rural,Divorced,Female,31,3,124328.84,Yes,Yes,Yes,Yes,0,6096,0," 1,40,452 ",0,Not Approved,1,171
414,LP002332,15801559,Chiang,Executive,Not Graduate,No,693,Yes,Germany,Rural,Divorced,Female,41,9,181461.48,Yes,3,Yes,Yes,0,2253,2033," 1,87,929 ",1,Loan Approved,1,176
415,LP002335,15810432,Moseley,Executive,Not Graduate,No,795,No,Spain,Semiurban,Married,Male,35,8,0,Yes,2,Yes,No,0,2149,3237," 1,67,155 ",0,Not Approved,1,549
416,LP002337,15809616,Hsiung,Executive,Graduate,No,626,Yes,Spain,Urban,Not Married,Male,26,8,0,No,2,No,No,0,2995,0," 1,91,421 ",0,Loan Approved,1,658
417,LP002341,15720559,Heath,AVP,Graduate,No,487,Yes,Germany,Urban,Not Married,Female,61,5,110368.03,No,Yes,No,No,1,2600,0," 11,384 ",1,Not Approved,1,512
418,LP002342,15695632,Dellucci,Manager,Graduate,Yes,556,Yes,France,Urban,Divorced,Female,39,9,89588.35,Yes,Yes,Yes,Yes,2,1600,20000," 94,898 ",0,Not Approved,1,427
419,LP002345,15659843,Li,Executive,Graduate,No,643,Yes,France,Rural,Divorced,Female,46,6,0,No,2,No,No,0,1025,2773," 1,06,782 ",0,Loan Approved,1,490
420,LP002347,15615624,De Salis,Manager,Graduate,No,605,Yes,France,Semiurban,Divorced,Female,28,6,0,No,2,No,No,0,3246,1417," 1,59,509 ",0,Loan Approved,1,851
421,LP002348,15810418,T'ang,Manager,Graduate,No,756,Yes,Germany,Rural,Divorced,Female,60,3,115924.89,Yes,Yes,Yes,No,0,5829,0," 93,524 ",1,Loan Approved,1,671
422,LP002357,15716186,Richardson,Executive,Not Graduate,No,586,No,France,Urban,Not Married,Female,38,2,0,Yes,2,Yes,No,0,2720,0," 87,168 ",0,Not Approved,1,309
423,LP002361,15674551,Fitch,Manager,Graduate,No,535,Yes,Germany,Urban,Married,Male,40,7,111756.5,Yes,Yes,Yes,No,0,1820,1719," 8,128 ",1,Loan Approved,1,302
424,LP002362,15622834,Stevenson,Executive,Graduate,No,678,No,France,Urban,Divorced,Female,35,4,0,Yes,Yes,Yes,No,1,7250,1667," 1,25,518 ",0,Not Approved,1,551
425,LP002364,15566111,Estes,Manager,Graduate,No,596,Yes,France,Semiurban,Married,Male,39,9,0,Yes,Yes,Yes,No,0,14880,0," 48,964 ",0,Loan Approved,1,186
426,LP002366,15784597,Lattimore,Executive,Graduate,No,648,Yes,France,Rural,Divorced,Male,26,9,162923.85,Yes,Yes,Yes,No,0,2666,4300," 98,368 ",0,Loan Approved,1,615
427,LP002367,15652883,Chung,Executive,Not Graduate,No,492,Yes,Germany,Rural,Not Married,Male,39,10,124576.65,Yes,2,Yes,No,1,4606,0," 1,48,585 ",0,Not Approved,1,247
428,LP002368,15806964,Utz,Manager,Graduate,No,702,Yes,France,Semiurban,Married,Male,45,0,80793.58,Yes,Yes,Yes,Yes,2,5935,0," 27,475 ",0,Loan Approved,1,945
429,LP002369,15576313,Wei,AVP,Graduate,No,486,Yes,Germany,Rural,Divorced,Female,40,9,71340.09,Yes,Yes,Yes,No,0,2920,16.12000084," 76,192 ",0,Loan Approved,1,366
430,LP002370,15806467,Boyle,Manager,Not Graduate,No,568,Yes,Germany,Urban,Not Married,Male,40,1,99282.63,No,Yes,No,No,0,2717,0," 1,34,601 ",1,Loan Approved,1,123
431,LP002377,15597602,Nwachinemelu,Manager,Graduate,Yes,619,Yes,Germany,Semiurban,Not Married,Male,57,3,137946.39,Yes,Yes,Yes,Yes,1,8624,0," 72,468 ",1,Loan Approved,1,958
432,LP002379,15743040,Kuznetsova,Manager,Graduate,No,724,No,Germany,Rural,Not Married,Male,41,2,127892.57,No,2,No,Yes,0,6500,0," 1,99,645 ",0,Not Approved,1,782
433,LP002386,15705521,Pisani,Manager,Graduate,No,548,Yes,Germany,Semiurban,Not Married,Female,33,0,101084.36,Yes,Yes,Yes,No,0,12876,0," 42,750 ",0,Loan Approved,1,259
434,LP002387,15595039,Manna,Executive,Graduate,No,545,Yes,Germany,Semiurban,Divorced,Female,37,8,114754.08,Yes,Yes,Yes,No,0,2425,2340," 1,36,050 ",1,Loan Approved,1,298
435,LP002390,15799384,Collier,Sr Manager,Graduate,No,683,Yes,France,Urban,Not Married,Male,33,8,0,No,Yes,No,No,0,3750,0," 73,564 ",0,Loan Approved,1,530
436,LP002393,15581197,Ricci,Executive,Graduate,No,762,Yes,France,Semiurban,Not Married,Female,51,3,99286.98,No,Yes,No,Yes,0,10047,0," 85,579 ",0,Loan Approved,1,664
437,LP002398,15693737,Carr,Manager,Graduate,No,627,Yes,Germany,Semiurban,Not Married,Female,30,4,79871.02,Yes,2,Yes,No,0,1926,1851," 1,29,827 ",0,Loan Approved,1,767
438,LP002401,15624623,Hs?,Manager,Graduate,No,516,Yes,France,Urban,Married,Male,35,10,104088.59,No,2,No,No,0,2213,1125," 1,19,666 ",0,Loan Approved,1,324
439,LP002403,15783501,Findlay,Manager,Graduate,Yes,800,No,France,Urban,Not Married,Female,38,2,168190.33,Yes,2,Yes,No,0,10416,0," 68,052 ",0,Not Approved,1,200
440,LP002407,15690134,Hughes,Manager,Not Graduate,Yes,464,Yes,Germany,Rural,Divorced,Female,42,3,85679.25,Yes,Yes,Yes,Yes,0,7142,0," 1,64,105 ",0,Loan Approved,1,149
441,LP002408,15782735,Chukwuemeka,Executive,Graduate,No,626,Yes,France,Semiurban,Not Married,Female,35,3,0,No,Yes,No,No,0,3660,5064," 80,190 ",0,Loan Approved,1,978
442,LP002409,15611088,Genovese,Manager,Graduate,No,790,Yes,France,Rural,Divorced,Female,31,9,0,Yes,2,Yes,No,0,7901,1833," 84,127 ",0,Loan Approved,1,868
443,LP002418,15672145,Swift,Sr Manager,Not Graduate,No,534,Yes,France,Semiurban,Not Married,Female,34,7,121551.58,Yes,2,Yes,Yes,3+,4707,1993," 70,179 ",0,Loan Approved,1,482
444,LP002422,15732628,Ugoji,Executive,Graduate,No,745,Yes,France,Semiurban,Not Married,Male,46,2,122220.19,Yes,Yes,Yes,Yes,1,37719,0," 1,18,024 ",0,Loan Approved,1,754
445,LP002424,15787470,Parkinson,Executive,Graduate,No,553,Yes,Spain,Rural,Divorced,Male,47,3,116528.15,No,Yes,No,No,0,7333,8333," 1,45,704 ",1,Loan Approved,1,259
446,LP002429,15803406,Ross,Manager,Graduate,Yes,748,Yes,France,Rural,Divorced,Female,26,1,77780.29,No,Yes,No,Yes,1,3466,1210," 1,83,049 ",0,Loan Approved,1,323
447,LP002434,15730460,Oleary,Executive,Not Graduate,No,722,Yes,France,Rural,Married,Male,37,2,0,No,Yes,No,No,2,4652,0," 1,20,907 ",0,Loan Approved,1,493
448,LP002435,15644572,Turnbull,VP,Graduate,No,501,Yes,France,Rural,Divorced,Male,40,4,125832.2,Yes,Yes,Yes,Yes,0,3539,1376," 1,00,434 ",0,Not Approved,1,933
449,LP002443,15694860,Uspensky,Executive,Graduate,No,675,No,France,Rural,Divorced,Female,38,6,68065.8,No,Yes,No,No,2,3340,1710," 1,38,777 ",1,Not Approved,1,124
450,LP002444,15658169,Cook,Manager,Not Graduate,Yes,778,No,Spain,Semiurban,Not Married,Female,47,6,127299.34,Yes,2,Yes,No,1,2769,1542," 1,24,695 ",0,Not Approved,1,521
451,LP002446,15794396,Newbold,Manager,Not Graduate,No,494,No,Germany,Rural,Married,Female,38,7,174937.64,Yes,Yes,Yes,No,2,2309,1255," 40,084 ",0,Not Approved,1,668
452,LP002447,15785798,Uchechukwu,Manager,Not Graduate,No,850,No,France,Urban,Divorced,Male,40,9,0,No,2,No,Yes,2,1958,1456," 1,19,232 ",0,Loan Approved,1,437
453,LP002448,15710825,Ch'en,Executive,Graduate,No,592,No,Spain,Rural,Married,Male,31,7,110071.1,No,Yes,No,No,0,3948,1733," 43,921 ",0,Not Approved,1,599
454,LP002449,15668444,He,Manager,Graduate,No,590,No,Spain,Rural,Divorced,Female,44,3,139432.37,Yes,Yes,Yes,No,0,2483,2466," 62,223 ",0,Loan Approved,1,521
455,LP002453,15726631,Hilton,Manager,Graduate,Yes,758,Yes,France,Semiurban,Not Married,Female,39,6,127357.76,No,Yes,No,Yes,0,7085,0," 56,577 ",0,Loan Approved,1,764
456,LP002455,15733797,Sal,Executive,Graduate,No,506,Yes,France,Semiurban,Married,Male,36,5,0,Yes,2,Yes,No,2,3859,0," 1,64,253 ",0,Loan Approved,1,488
457,LP002459,15747960,Eluemuno,Manager,Graduate,No,733,Yes,France,Urban,Divorced,Male,33,3,0,Yes,Yes,Yes,Yes,0,4301,0," 7,667 ",0,Loan Approved,1,507
458,LP002467,15634632,Titus,Executive,Graduate,No,711,Yes,France,Urban,Married,Male,38,3,0,Yes,2,Yes,No,0,3708,2569," 68,488 ",0,Not Approved,1,517
459,LP002472,15707362,Yin,Executive,Graduate,No,514,Yes,Germany,Rural,Not Married,Male,43,1,95556.31,No,Yes,No,Yes,2,4354,0," 1,99,274 ",1,Loan Approved,1,693
460,LP002473,15662976,Lettiere,Sr Manager,Graduate,No,637,Yes,Spain,Semiurban,Divorced,Male,37,8,0,Yes,Yes,Yes,Yes,0,8334,0," 1,86,062 ",0,Not Approved,1,122
461,LP002478,15732778,Templeman,Manager,Graduate,Yes,468,Yes,Germany,Semiurban,Divorced,Male,29,1,111681.98,Yes,2,Yes,Yes,0,2083,4083," 1,95,711 ",0,Loan Approved,1,745
462,LP002484,15718443,Chibuzo,Manager,Graduate,No,539,Yes,France,Urban,Married,Male,39,3,0,Yes,2,Yes,No,3+,7740,0," 36,692 ",0,Loan Approved,1,406
463,LP002487,15670039,Sun,Manager,Graduate,No,509,Yes,Spain,Rural,Divorced,Female,25,3,108738.71,Yes,2,Yes,No,0,3015,2188," 1,06,921 ",0,Loan Approved,1,666
464,LP002489,15773792,Evans,Sr Manager,Not Graduate,No,662,Yes,France,Semiurban,Not Married,Female,32,4,133950.37,Yes,Yes,Yes,Yes,1,5191,0," 48,726 ",1,Loan Approved,1,826
465,LP002493,15613786,Ogbonnaya,Executive,Graduate,No,818,No,Spain,Semiurban,Not Married,Male,26,4,0,Yes,2,Yes,Yes,0,4166,0," 1,67,037 ",0,Not Approved,1,197
466,LP002494,15726032,Enyinnaya,VP,Graduate,No,608,Yes,France,Rural,Not Married,Male,33,9,89968.69,Yes,Yes,Yes,No,0,6000,0," 68,777 ",0,Loan Approved,1,351
467,LP002500,15663252,Olisanugo,Sr Manager,Not Graduate,No,850,No,Spain,Urban,Divorced,Female,32,9,0,Yes,2,Yes,Yes,3+,2947,1664," 18,925 ",0,Not Approved,1,647
468,LP002501,15593782,Brookes,Manager,Graduate,No,816,Yes,Germany,Semiurban,Divorced,Female,38,5,130878.75,Yes,3,Yes,No,0,16692,0," 71,906 ",1,Loan Approved,1,811
469,LP002502,15633283,Padovano,Executive,Not Graduate,No,536,Yes,France,Semiurban,Divorced,Male,35,8,0,Yes,2,Yes,No,2,210,2917," 64,833 ",0,Loan Approved,1,432
470,LP002505,15749167,Fisk,Executive,Graduate,No,753,Yes,France,Urban,Divorced,Male,35,3,0,Yes,2,Yes,Yes,0,4333,2451," 1,84,844 ",0,Not Approved,1,915
471,LP002515,15759298,Shih,Manager,Graduate,Yes,631,Yes,Spain,Semiurban,Divorced,Male,27,10,134169.62,Yes,Yes,Yes,Yes,1,3450,2079," 1,76,730 ",0,Loan Approved,1,644
472,LP002517,15683625,Hare,Executive,Not Graduate,No,703,No,France,Rural,Married,Male,37,1,149762.08,Yes,Yes,Yes,No,1,2653,1500," 20,629 ",1,Not Approved,1,764
473,LP002519,15635367,Muir,Executive,Graduate,No,774,Yes,France,Semiurban,Married,Male,26,2,93844.69,Yes,Yes,Yes,No,3+,4691,0," 28,415 ",0,Loan Approved,1,526
474,LP002522,15681705,Fanucci,Manager,Graduate,Yes,785,Yes,France,Urban,Not Married,Male,28,8,0,Yes,2,Yes,No,0,2500,0," 77,231 ",0,Loan Approved,1,842
475,LP002524,15603156,Elewechi,Sr Manager,Graduate,No,571,Yes,France,Rural,Not Married,Female,33,1,0,Yes,2,Yes,No,2,5532,4648," 1,02,751 ",0,Loan Approved,1,252
476,LP002527,15591986,Johnston,Manager,Graduate,Yes,621,Yes,Germany,Rural,Married,Male,46,6,141078.37,No,Yes,No,No,2,16525,1014," 34,581 ",1,Loan Approved,1,636
477,LP002529,15798888,Pisano,Manager,Graduate,No,605,Yes,Germany,Semiurban,Married,Female,31,1,117992.59,Yes,Yes,Yes,Yes,2,6700,1750," 1,83,599 ",0,Loan Approved,1,545
478,LP002530,15809722,Ankudinov,Executive,Graduate,No,611,No,France,Semiurban,Married,Female,40,8,100812.33,Yes,2,Yes,No,2,2873,1872," 1,47,358 ",0,Not Approved,1,312
479,LP002531,15677538,Nwokike,Manager,Graduate,Yes,569,Yes,France,Semiurban,Married,Male,38,7,0,Yes,Yes,Yes,Yes,1,16667,2250," 1,08,469 ",0,Loan Approved,1,342
480,LP002533,15797736,Smith,Manager,Graduate,No,658,Yes,France,Urban,Divorced,Male,29,4,80262.6,Yes,Yes,Yes,Yes,2,2947,1603," 20,613 ",0,Not Approved,1,135
481,LP002534,15695585,Atkins,Manager,Not Graduate,No,788,Yes,Spain,Rural,Not Married,Male,34,6,156478.62,No,Yes,No,Yes,0,4350,0," 1,81,197 ",0,Loan Approved,1,644
482,LP002536,15744398,Burns,Executive,Not Graduate,No,525,Yes,France,Rural,Divorced,Female,23,5,0,Yes,2,Yes,No,3+,3095,0," 1,60,249 ",0,Loan Approved,1,586
483,LP002537,15750658,Obiuto,Executive,Graduate,No,798,Yes,France,Semiurban,Married,Male,37,8,0,No,3,No,No,0,2083,3150," 1,10,783 ",0,Loan Approved,1,462
484,LP002541,15578186,Pirozzi,Sr Manager,Graduate,No,486,Yes,Germany,Semiurban,Married,Male,37,9,115217.99,Yes,2,Yes,No,0,10833,0," 1,44,995 ",0,Loan Approved,1,404
485,LP002543,15676519,George,Manager,Graduate,No,615,Yes,Spain,Semiurban,Divorced,Male,61,9,0,Yes,2,Yes,No,2,8333,0," 1,50,228 ",1,Loan Approved,1,605
486,LP002544,15637954,Lewis,Manager,Not Graduate,No,730,Yes,France,Rural,Divorced,Female,35,0,155470.55,Yes,Yes,Yes,Yes,1,1958,2436," 53,718 ",0,Loan Approved,1,450
487,LP002545,15758639,Moran,Executive,Graduate,No,641,No,France,Rural,Not Married,Male,37,7,0,Yes,2,Yes,No,2,3547,0," 75,248 ",0,Not Approved,1,901
488,LP002547,15613772,Dalrymple,Manager,Graduate,No,542,Yes,France,Urban,Divorced,Male,39,3,135096.77,Yes,Yes,Yes,Yes,1,18333,0," 14,353 ",1,Not Approved,1,303
489,LP002555,15731744,Carslaw,Manager,Graduate,Yes,692,Yes,France,Semiurban,Divorced,Male,30,2,0,No,2,No,Yes,2,4583,2083," 1,30,487 ",0,Loan Approved,1,723
490,LP002556,15807709,Kirby,Executive,Graduate,No,714,Yes,Germany,Urban,Not Married,Female,55,9,180075.22,Yes,Yes,Yes,Yes,0,2435,0," 1,00,128 ",0,Not Approved,1,371
491,LP002560,15714689,Houghton,Executive,Not Graduate,No,591,Yes,Spain,Semiurban,Not Married,Male,29,1,97541.24,Yes,Yes,Yes,Yes,0,2699,2785," 1,96,356 ",0,Loan Approved,1,732
492,LP002562,15699005,Martin,Manager,Not Graduate,No,710,Yes,France,Urban,Married,Female,41,2,156067.05,Yes,Yes,Yes,Yes,1,5333,1131," 9,984 ",0,Loan Approved,1,256
493,LP002571,15624170,Tan,Executive,Not Graduate,No,639,Yes,France,Rural,Not Married,Female,38,4,81550.94,No,2,No,Yes,0,3691,0," 1,18,975 ",0,Loan Approved,1,375
494,LP002582,15725679,Hsia,Manager,Not Graduate,Yes,531,Yes,France,Semiurban,Not Married,Female,47,6,0,No,Yes,No,No,0,17263,0," 1,94,998 ",1,Loan Approved,1,602
495,LP002585,15585865,Westerberg,Sr Manager,Graduate,No,673,No,France,Rural,Divorced,Female,38,2,170061.92,No,2,No,No,0,3597,2157," 1,34,901 ",1,Not Approved,1,830
496,LP002586,15804256,Hale,Sr Manager,Graduate,No,765,Yes,Germany,Semiurban,Divorced,Male,36,8,92310.54,Yes,2,Yes,Yes,1,3326,913," 72,925 ",0,Loan Approved,1,647
497,LP002587,15662403,Kryukova,Manager,Not Graduate,No,622,Yes,France,Rural,Divorced,Female,32,6,169089.38,Yes,2,Yes,No,0,2600,1700," 1,01,058 ",0,Loan Approved,1,489
498,LP002588,15733616,Sopuluchukwu,Sr Manager,Graduate,No,806,Yes,France,Urban,Divorced,Male,40,5,80613.93,Yes,Yes,Yes,Yes,0,4625,2857," 1,42,839 ",0,Loan Approved,1,555
499,LP002600,15591995,Barry,Manager,Graduate,Yes,757,Yes,Germany,Semiurban,Divorced,Male,26,8,121581.56,Yes,2,Yes,Yes,1,2895,0," 1,27,059 ",0,Loan Approved,1,261
500,LP002602,15677020,Selezneva,Manager,Graduate,No,570,No,France,Rural,Not Married,Female,58,8,0,No,Yes,No,Yes,0,6283,4416," 1,16,504 ",1,Not Approved,1,405
501,LP002603,15727688,Chizuoke,Executive,Graduate,No,555,Yes,Spain,Rural,Not Married,Male,32,4,0,Yes,2,Yes,Yes,0,645,3683," 54,406 ",0,Loan Approved,1,198
502,LP002606,15715941,Lueck,Executive,Graduate,No,692,Yes,France,Semiurban,Not Married,Male,54,5,0,Yes,2,Yes,Yes,0,3159,0," 88,722 ",0,Loan Approved,1,450
503,LP002615,15714485,Udinese,VP,Graduate,No,774,Yes,France,Semiurban,Divorced,Male,60,5,85891.55,Yes,Yes,Yes,No,2,4865,5624," 74,135 ",1,Loan Approved,1,393
504,LP002618,15730059,Udobata,Manager,Not Graduate,No,638,Yes,Spain,Rural,Divorced,Male,44,9,77637.35,Yes,2,Yes,Yes,1,4050,5302," 1,11,346 ",0,Not Approved,1,332
505,LP002619,15715527,Freeman,Sr Manager,Not Graduate,No,543,Yes,Spain,Semiurban,Divorced,Female,41,4,0,No,Yes,No,No,0,3814,1483," 1,94,902 ",0,Loan Approved,1,886
506,LP002622,15576623,Outlaw,VP,Graduate,No,584,Yes,France,Rural,Married,Male,31,5,0,Yes,2,Yes,No,2,3510,4416," 31,474 ",0,Loan Approved,1,240
507,LP002624,15805565,Obiuto,Executive,Graduate,No,691,Yes,Germany,Urban,Married,Male,30,7,116927.89,Yes,Yes,Yes,No,0,20833,6667," 21,198 ",0,Loan Approved,1,558
508,LP002625,15677307,Lo,Executive,Graduate,No,684,Yes,Germany,Urban,Not Married,Female,40,6,137326.65,Yes,Yes,Yes,No,0,3583,0," 1,86,977 ",0,Not Approved,1,830
509,LP002626,15773890,Okechukwu,Manager,Graduate,Yes,733,Yes,France,Urban,Married,Male,22,5,0,Yes,2,Yes,Yes,0,2479,3013," 1,17,202 ",0,Loan Approved,1,950
510,LP002634,15598883,King,Sr Manager,Graduate,No,599,Yes,Spain,Urban,Not Married,Female,37,2,0,Yes,2,Yes,Yes,1,13262,0," 1,43,739 ",0,Loan Approved,1,814
511,LP002637,15568506,Forbes,Executive,Not Graduate,No,524,Yes,Germany,Rural,Not Married,Female,31,10,67238.98,Yes,2,Yes,Yes,0,3598,1287," 1,61,811 ",0,Not Approved,1,587
512,LP002640,15761043,Macleod,Sr Manager,Graduate,No,632,Yes,Germany,Semiurban,Divorced,Female,38,6,86569.76,Yes,2,Yes,No,1,6065,2004," 98,091 ",0,Loan Approved,1,148
513,LP002643,15782236,Gibbs,Sr Manager,Graduate,No,735,Yes,Spain,Urban,Divorced,Male,34,5,0,No,2,No,No,2,3283,2035," 71,095 ",0,Loan Approved,1,252
514,LP002648,15593601,Isayev,Executive,Graduate,No,734,Yes,France,Semiurban,Married,Male,34,6,133598.4,Yes,Yes,Yes,Yes,0,2130,6666," 13,107 ",0,Not Approved,1,425
515,LP002652,15682048,Pisano,Executive,Graduate,No,605,Yes,France,Rural,Not Married,Female,51,3,136188.78,Yes,Yes,Yes,Yes,0,5815,3666," 67,111 ",1,Not Approved,1,563
516,LP002659,15746902,Belstead,AVP,Graduate,No,793,Yes,Spain,Rural,Married,Male,38,9,0,Yes,2,Yes,No,3+,3466,3428," 88,225 ",0,Loan Approved,1,471
517,LP002670,15752081,Vassiliev,Manager,Graduate,No,468,Yes,France,Semiurban,Divorced,Female,56,10,0,No,3,No,Yes,2,2031,1632," 62,257 ",1,Loan Approved,1,329
518,LP002682,15781307,Schneider,Executive,Not Graduate,No,779,No,Germany,Semiurban,Married,Male,37,7,120092.52,Yes,2,Yes,No,0,3074,1800," 1,35,926 ",0,Not Approved,1,790
519,LP002683,15775912,Mazzanti,Executive,Graduate,No,698,Yes,France,Semiurban,Not Married,Male,48,4,101238.24,No,2,No,Yes,0,4683,1915," 1,77,816 ",1,Not Approved,1,167
520,LP002684,15745417,Knipe,Executive,Not Graduate,No,707,Yes,France,Rural,Not Married,Male,58,6,89685.92,No,Yes,No,Yes,0,3400,0," 1,26,471 ",0,Not Approved,1,741
521,LP002689,15671256,Macartney,Executive,Not Graduate,No,850,Yes,France,Semiurban,Married,Female,35,1,211774.31,Yes,Yes,Yes,No,2,2192,1742," 1,88,574 ",1,Loan Approved,1,738
522,LP002690,15653547,Madukwe,Executive,Graduate,No,850,Yes,France,Semiurban,Not Married,Male,56,7,131317.48,Yes,Yes,Yes,Yes,0,2500,0," 1,19,175 ",0,Loan Approved,1,888
523,LP002692,15595766,Watts,Manager,Graduate,Yes,527,Yes,Spain,Rural,Divorced,Male,37,5,93722.73,Yes,2,Yes,Yes,3+,5677,1424," 1,39,094 ",0,Loan Approved,1,367
524,LP002693,15742358,Humphreys,Manager,Graduate,Yes,696,Yes,Germany,Rural,Divorced,Male,32,8,101160.99,Yes,Yes,Yes,Yes,2,7948,7166," 1,15,917 ",0,Loan Approved,1,647
525,LP002697,15763274,Wu,Manager,Graduate,No,661,Yes,France,Semiurban,Not Married,Male,48,3,120320.54,No,Yes,No,No,0,4680,2087," 96,463 ",0,Not Approved,1,584
526,LP002699,15786063,Chin,Manager,Graduate,Yes,776,Yes,France,Rural,Married,Female,31,2,0,Yes,2,Yes,Yes,2,17500,0," 1,12,350 ",0,Loan Approved,1,100
527,LP002705,15600258,Chesnokova,Manager,Graduate,No,701,Yes,France,Semiurban,Divorced,Male,43,2,0,Yes,2,Yes,Yes,0,3775,0," 1,65,304 ",0,Loan Approved,1,813
528,LP002706,15573318,Kung,AVP,Not Graduate,No,610,No,France,Semiurban,Married,Male,26,8,0,Yes,2,Yes,No,1,5285,1430," 1,66,031 ",0,Loan Approved,1,383
529,LP002714,15653849,Lu,Executive,Not Graduate,No,572,Yes,Germany,Semiurban,Not Married,Female,48,3,152827.99,Yes,Yes,Yes,No,1,2679,1302," 38,412 ",1,Loan Approved,1,129
530,LP002716,15694272,Nkemakolam,VP,Not Graduate,No,673,Yes,France,Semiurban,Not Married,Male,30,1,64097.75,Yes,Yes,Yes,Yes,0,6783,0," 77,783 ",0,Loan Approved,1,977
531,LP002717,15736112,Walton,Executive,Graduate,No,519,Yes,Spain,Rural,Divorced,Female,57,2,119035.35,Yes,2,Yes,Yes,0,1025,5500," 29,872 ",0,Loan Approved,1,224
532,LP002720,15749851,Brookes,Manager,Graduate,No,702,Yes,Spain,Urban,Divorced,Female,26,4,135219.57,No,Yes,No,Yes,3+,4281,0," 59,748 ",0,Loan Approved,1,630
533,LP002723,15663478,Baldwin,VP,Graduate,No,729,No,France,Rural,Not Married,Male,32,6,93694.42,Yes,Yes,Yes,Yes,2,3588,0," 79,919 ",0,Not Approved,1,417
534,LP002729,15592300,Mai,Manager,Graduate,No,543,No,Spain,Semiurban,Not Married,Male,35,10,59408.63,Yes,Yes,Yes,No,1,11250,0," 76,774 ",0,Not Approved,1,222
535,LP002731,15567832,Shih,Manager,Not Graduate,Yes,550,Yes,France,Urban,Not Married,Female,40,7,114354.95,Yes,Yes,Yes,No,0,18165,0," 54,019 ",0,Loan Approved,1,106
536,LP002732,15776780,He,VP,Not Graduate,Yes,608,Yes,France,Rural,Not Married,Male,59,1,0,Yes,Yes,Yes,No,0,2550,2042," 70,650 ",1,Loan Approved,1,289
537,LP002734,15592846,Fiorentini,Executive,Graduate,No,639,Yes,Germany,Urban,Divorced,Male,35,10,128173.9,Yes,2,Yes,No,0,6133,3906," 59,093 ",0,Loan Approved,1,839
538,LP002738,15739803,Lucciano,Executive,Graduate,No,686,Yes,Spain,Semiurban,Not Married,Male,34,9,0,Yes,2,Yes,No,2,3617,0," 1,27,570 ",0,Loan Approved,1,579
539,LP002739,15794142,Ferreira,Manager,Not Graduate,No,564,Yes,Germany,Rural,Divorced,Female,62,5,114931.35,No,3,No,Yes,0,2917,536," 18,261 ",1,Not Approved,1,392
540,LP002740,15762729,Ukaegbunam,Manager,Graduate,No,745,Yes,Germany,Rural,Divorced,Female,28,1,111071.36,Yes,Yes,Yes,No,3+,6417,0," 73,276 ",1,Loan Approved,1,960
541,LP002741,15667896,De Luca,Manager,Graduate,No,833,Yes,France,Semiurban,Married,Male,37,8,151226.18,Yes,2,Yes,Yes,1,4608,2845," 1,36,129 ",0,Loan Approved,1,374
542,LP002743,15626578,Milne,Manager,Graduate,No,622,No,France,Semiurban,Not Married,Male,26,9,0,Yes,2,Yes,Yes,0,2138,0," 1,53,238 ",0,Not Approved,1,735
543,LP002753,15776223,Davide,Executive,Graduate,No,597,Yes,France,Semiurban,Not Married,Female,42,4,64740.12,Yes,Yes,Yes,Yes,1,3652,0," 1,06,841 ",0,Loan Approved,1,268
544,LP002755,15705953,Kodilinyechukwu,Executive,Not Graduate,No,721,Yes,Spain,Urban,Divorced,Male,51,0,169312.13,Yes,Yes,Yes,No,1,2239,2524," 1,09,078 ",1,Loan Approved,1,841
545,LP002757,15802593,Little,Manager,Not Graduate,No,504,Yes,France,Semiurban,Married,Female,49,7,0,No,3,No,Yes,0,3017,663," 87,822 ",1,Loan Approved,1,228
546,LP002767,15615457,Burns,AVP,Graduate,No,842,Yes,Spain,Rural,Divorced,Female,44,2,112652.08,Yes,2,Yes,No,0,2768,1950," 1,26,645 ",0,Loan Approved,1,530
547,LP002768,15708916,Paterson,AVP,Not Graduate,No,587,Yes,France,Semiurban,Not Married,Male,38,0,0,Yes,2,Yes,No,0,3358,0," 47,414 ",0,Not Approved,1,178
548,LP002772,15720187,Han,Executive,Graduate,No,479,Yes,Germany,Rural,Not Married,Female,30,7,143964.36,Yes,2,Yes,No,0,2526,1783," 41,880 ",0,Loan Approved,1,428
549,LP002776,15595440,Kryukova,Manager,Graduate,No,508,No,France,Semiurban,Not Married,Male,49,7,122451.46,Yes,2,Yes,Yes,0,5000,0," 75,808 ",0,Not Approved,1,393
550,LP002777,15600651,Ijendu,Executive,Graduate,No,749,Yes,France,Rural,Divorced,Male,24,1,0,Yes,3,Yes,Yes,0,2785,2016," 47,911 ",0,Loan Approved,1,272
551,LP002778,15750141,Reichard,Manager,Graduate,Yes,721,No,Germany,Rural,Divorced,Female,36,3,65253.07,Yes,2,Yes,No,2,6633,0," 28,738 ",0,Not Approved,1,561
552,LP002784,15657284,Day,Manager,Not Graduate,No,674,Yes,Germany,Rural,Married,Male,47,6,106901.94,Yes,Yes,Yes,Yes,1,2492,2375," 2,079 ",1,Loan Approved,1,361
553,LP002785,15763063,Price,Executive,Graduate,No,685,Yes,Spain,Urban,Divorced,Female,25,10,128509.63,Yes,Yes,Yes,No,1,3333,3250," 1,21,562 ",0,Loan Approved,1,242
554,LP002788,15709324,Bruce,Manager,Not Graduate,No,417,No,France,Urban,Married,Male,34,7,0,Yes,2,Yes,No,0,2454,2333," 55,004 ",0,Not Approved,1,546
555,LP002789,15711309,Sumrall,Manager,Graduate,No,574,No,Germany,Rural,Divorced,Male,33,3,129834.67,Yes,Yes,Yes,No,0,3593,4266," 1,93,131 ",0,Not Approved,1,595
556,LP002792,15775318,Lu,VP,Graduate,No,590,Yes,Spain,Semiurban,Divorced,Female,51,3,154962.99,No,3,No,Yes,1,5468,1032," 1,91,932 ",1,Loan Approved,1,678
557,LP002794,15705515,Lazarev,Manager,Graduate,No,587,Yes,Germany,Urban,Not Married,Male,40,5,138241.9,Yes,2,Yes,No,0,2667,1625," 1,59,418 ",0,Loan Approved,1,395
558,LP002795,15634844,Miller,Manager,Graduate,Yes,598,Yes,Germany,Semiurban,Divorced,Male,41,3,91536.93,Yes,Yes,Yes,No,3+,10139,0," 1,91,469 ",1,Loan Approved,1,744
559,LP002798,15717046,Wentworth-Shields,Executive,Graduate,No,741,Yes,Spain,Semiurban,Divorced,Male,53,3,0,Yes,2,Yes,Yes,0,3887,2669," 38,914 ",0,Loan Approved,1,999
560,LP002804,15571816,Ritchie,Executive,Graduate,No,850,Yes,Spain,Semiurban,Divorced,Female,70,5,0,Yes,Yes,Yes,Yes,0,4180,2306, 705 ,0,Loan Approved,1,807
561,LP002807,15670080,Mackenzie,Manager,Not Graduate,No,584,Yes,Germany,Semiurban,Married,Female,29,7,105204.01,No,Yes,No,Yes,2,3675,242," 1,38,490 ",0,Loan Approved,1,637
562,LP002813,15800440,Power,Manager,Graduate,Yes,650,Yes,Spain,Semiurban,Married,Male,61,1,152968.73,No,Yes,No,Yes,1,19484,0," 82,971 ",0,Loan Approved,1,679
563,LP002820,15665678,Tan,Executive,Graduate,No,607,Yes,Spain,Rural,Divorced,Male,36,8,158261.68,Yes,Yes,Yes,Yes,0,5923,2054," 76,745 ",0,Loan Approved,1,233
564,LP002821,15665956,Pendergrass,Manager,Not Graduate,Yes,509,Yes,France,Semiurban,Not Married,Female,46,1,0,Yes,Yes,Yes,No,0,5800,0," 71,245 ",1,Loan Approved,1,235
565,LP002832,15788126,Evans,Manager,Graduate,No,689,No,Spain,Urban,Divorced,Female,38,6,121021.05,Yes,Yes,Yes,Yes,2,8799,0," 12,182 ",0,Not Approved,1,968
566,LP002833,15811773,Hsia,Manager,Not Graduate,No,543,No,France,Rural,Divorced,Male,36,4,0,Yes,2,Yes,Yes,0,4467,0," 1,41,211 ",0,Loan Approved,1,598
567,LP002836,15651674,Billson,Manager,Graduate,No,438,Yes,Spain,Urban,Not Married,Female,54,2,0,No,Yes,No,No,0,3333,0," 1,91,763 ",1,Loan Approved,1,935
568,LP002837,15689614,Teng,Executive,Graduate,No,687,No,Spain,Rural,Married,Female,63,1,137715.66,Yes,Yes,Yes,Yes,3+,3400,2500," 37,939 ",0,Not Approved,1,779
569,LP002840,15795564,Moretti,Manager,Graduate,No,737,Yes,Germany,Urban,Not Married,Male,31,5,121192.22,Yes,2,Yes,Yes,0,2378,0," 74,891 ",0,Not Approved,1,776
570,LP002841,15706647,Jordan,Manager,Graduate,No,761,No,France,Urban,Married,Male,31,7,0,Yes,3,Yes,Yes,0,3166,2064," 1,66,698 ",0,Not Approved,1,156
571,LP002842,15728505,Ts'ao,Executive,Graduate,No,601,Yes,France,Urban,Married,Male,44,1,100486.18,Yes,2,Yes,Yes,1,3417,1750," 62,679 ",0,Loan Approved,1,453
572,LP002847,15730076,Osborne,Executive,Graduate,No,651,No,France,Urban,Divorced,Male,45,1,0,Yes,Yes,Yes,No,0,5116,1451," 67,740 ",1,Not Approved,1,868
573,LP002855,15622003,Carslaw,Executive,Graduate,No,745,Yes,France,Urban,Divorced,Male,35,9,92566.53,Yes,2,Yes,No,2,16666,0," 1,61,520 ",0,Loan Approved,1,537
574,LP002862,15607312,Ch'ang,Manager,Not Graduate,No,648,Yes,Spain,Semiurban,Divorced,Female,49,10,0,Yes,2,Yes,Yes,2,6125,1625," 1,59,836 ",1,Not Approved,1,882
575,LP002863,15644753,Hung,Manager,Graduate,No,848,Yes,Spain,Semiurban,Divorced,Male,40,3,110929.96,Yes,Yes,Yes,Yes,3+,6406,0," 30,877 ",0,Not Approved,1,956
576,LP002868,15653620,Gordon,VP,Graduate,No,546,Yes,France,Urban,Married,Female,27,8,0,Yes,2,Yes,Yes,2,3159,461," 14,858 ",0,Loan Approved,1,801
577,LP002872,15761986,Obialo,Executive,Graduate,No,439,No,Spain,Semiurban,Married,Female,32,3,138901.61,Yes,Yes,Yes,No,0,3087,2210," 75,686 ",0,Not Approved,1,473
578,LP002874,15633922,Gray,Manager,Graduate,No,755,Yes,France,Urban,Not Married,Male,30,4,123217.66,No,2,No,Yes,0,3229,2739," 1,44,183 ",0,Loan Approved,1,913
579,LP002877,15734674,Lin,Executive,Graduate,No,593,Yes,France,Rural,Divorced,Female,41,6,0,Yes,Yes,Yes,No,1,1782,2232," 65,171 ",0,Loan Approved,1,896
580,LP002888,15658032,Hopkins,Executive,Graduate,No,701,Yes,France,Urban,Not Married,Male,39,2,0,Yes,2,Yes,Yes,0,3182,2917," 82,527 ",0,Loan Approved,1,891
581,LP002892,15692671,Dobson,Manager,Graduate,No,701,Yes,Spain,Semiurban,Divorced,Male,36,8,0,Yes,2,Yes,No,2,6540,0," 1,69,161 ",0,Loan Approved,1,948
582,LP002893,15737741,McKay,Manager,Graduate,No,607,Yes,Spain,Urban,Not Married,Female,33,2,108431.87,No,2,No,Yes,0,1836,33837," 1,09,291 ",1,Not Approved,1,778
583,LP002894,15576352,Revell,AVP,Graduate,No,586,Yes,Spain,Semiurban,Married,Female,57,3,0,No,2,No,Yes,0,3166,0," 6,058 ",0,Loan Approved,1,251
584,LP002898,15753719,Rickards,Executive,Graduate,No,547,Yes,Germany,Rural,Divorced,Female,30,9,72392.41,Yes,Yes,Yes,No,1,1880,0," 77,077 ",0,Not Approved,1,987
585,LP002911,15803689,Begum,Sr Manager,Graduate,No,647,No,Germany,Rural,Divorced,Female,51,1,119741.77,No,2,No,No,1,2787,1917," 54,955 ",1,Not Approved,1,184
586,LP002912,15718057,Onyinyechukwuka,Manager,Graduate,No,760,Yes,France,Rural,Divorced,Female,51,2,100946.71,No,Yes,No,No,1,4283,3000," 1,79,615 ",1,Not Approved,1,451
587,LP002916,15722010,Zuyev,AVP,Graduate,No,621,Yes,Spain,Urban,Married,Male,53,9,170491.84,Yes,Yes,Yes,No,0,2297,1522," 35,588 ",1,Loan Approved,1,166
588,LP002917,15680998,Nwankwo,Manager,Not Graduate,No,725,Yes,France,Semiurban,Not Married,Male,44,5,0,Yes,Yes,Yes,Yes,0,2165,0," 1,17,356 ",0,Loan Approved,1,729
589,LP002925,15614782,Hao,Sr Manager,Graduate,No,526,Yes,France,Semiurban,Not Married,Male,36,1,0,Yes,Yes,Yes,No,0,4750,0," 1,60,697 ",0,Loan Approved,1,277
590,LP002926,15591047,Ma,Manager,Graduate,Yes,519,No,Spain,Semiurban,Divorced,Female,47,6,157296.02,No,2,No,No,2,2726,0," 1,47,278 ",1,Not Approved,1,703
591,LP002928,15788291,Okwuadigbo,Executive,Graduate,No,713,Yes,Germany,Semiurban,Married,Female,38,7,144606.22,Yes,Yes,Yes,Yes,0,3000,3416," 56,594 ",1,Loan Approved,1,435
592,LP002931,15604044,Mitchell,Manager,Graduate,Yes,700,Yes,France,Semiurban,Divorced,Male,38,8,134811.3,Yes,Yes,Yes,No,2,6000,0," 1,300 ",0,Not Approved,1,871
593,LP002933,15679587,Chan,Manager,Graduate,Yes,666,Yes,France,Semiurban,Not Married,Female,34,9,115897.12,Yes,Yes,Yes,Yes,3+,9357,0," 25,095 ",0,Loan Approved,1,444
594,LP002936,15775153,Buchi,Executive,Graduate,No,630,Yes,Spain,Rural,Married,Male,32,4,82034,No,Yes,No,No,0,3859,3300," 1,46,326 ",0,Loan Approved,1,643
595,LP002938,15603925,Greco,Manager,Graduate,Yes,779,Yes,Spain,Urban,Divorced,Female,26,4,174318.13,No,2,No,Yes,0,16120,0," 38,296 ",0,Loan Approved,1,495
596,LP002940,15680970,Lombardi,Executive,Not Graduate,No,611,Yes,Germany,Rural,Not Married,Female,41,2,114206.84,Yes,Yes,Yes,No,0,3833,0," 1,64,062 ",0,Loan Approved,1,580
597,LP002941,15697183,Uchenna,Manager,Not Graduate,Yes,685,Yes,Spain,Rural,Divorced,Male,43,9,0,Yes,2,Yes,No,2,6383,1000," 1,07,811 ",0,Not Approved,1,558
598,LP002943,15567446,Coffman,Manager,Graduate,No,646,No,Germany,Semiurban,Not Married,Male,39,9,111574.41,Yes,Yes,Yes,Yes,0,2987,0," 30,839 ",0,Not Approved,1,987
599,LP002945,15637476,Alexandrova,Manager,Graduate,Yes,683,Yes,Germany,Rural,Divorced,Female,57,5,162448.69,No,Yes,No,No,0,9963,0," 9,222 ",1,Loan Approved,1,313
600,LP002948,15714939,Fallaci,Manager,Graduate,No,484,Yes,Germany,Urban,Divorced,Female,34,4,148249.54,No,Yes,No,Yes,2,5780,0," 33,738 ",0,Loan Approved,1,732
601,LP002949,15683503,Hudson,Sr Manager,Graduate,No,601,Yes,France,Urban,Not Married,Female,43,8,0,No,3,No,Yes,3+,416,41667," 1,10,916 ",1,Not Approved,1,523
602,LP002950,15645569,Mai,Manager,Not Graduate,No,762,Yes,Spain,Rural,Married,Female,26,7,123709.46,Yes,2,Yes,Yes,0,2894,2792," 1,69,655 ",0,Loan Approved,1,744
603,LP002953,15782569,Stout,Manager,Graduate,No,687,Yes,France,Urban,Divorced,Female,72,9,0,No,Yes,No,Yes,3+,5703,0," 69,829 ",0,Loan Approved,1,381
604,LP002958,15592387,Burke,Sr Manager,Graduate,No,566,Yes,France,Rural,Not Married,Male,30,5,0,Yes,Yes,Yes,No,0,3676,4301," 54,927 ",1,Loan Approved,1,663
605,LP002959,15609286,Chadwick,Executive,Graduate,No,702,Yes,France,Semiurban,Married,Male,37,10,150525.8,Yes,Yes,Yes,Yes,1,12000,0," 94,728 ",0,Loan Approved,1,716
606,LP002960,15814035,Lawrence,Manager,Not Graduate,No,601,Yes,France,Urban,Married,Male,29,9,0,Yes,Yes,Yes,Yes,0,2400,3800," 80,393 ",0,Not Approved,1,371
607,LP002961,15661249,Bellucci,Manager,Graduate,No,699,Yes,France,Semiurban,Married,Male,53,4,0,No,2,No,Yes,1,3400,2500," 1,11,308 ",0,Loan Approved,1,391
608,LP002964,15629117,Harper,Executive,Not Graduate,No,584,Yes,France,Rural,Married,Male,28,10,0,Yes,2,Yes,No,2,3987,1411," 19,834 ",0,Loan Approved,1,430
609,LP002974,15607170,Boyle,Sr Manager,Graduate,No,699,Yes,France,Rural,Married,Male,35,5,0,Yes,2,Yes,Yes,0,3232,1950," 78,397 ",0,Loan Approved,1,427
610,LP002978,15586585,Duncan,Sr Manager,Graduate,No,698,Yes,Germany,Rural,Not Married,Female,51,2,111018.98,Yes,Yes,Yes,No,0,2900,0," 86,410 ",0,Loan Approved,1,477
611,LP002979,15686611,Moss,Manager,Graduate,No,495,Yes,France,Rural,Married,Male,30,10,129755.99,No,Yes,No,No,3+,4106,0," 1,72,750 ",0,Loan Approved,1,406
612,LP002983,15603203,Avdeyeva,AVP,Graduate,No,650,Yes,France,Urban,Married,Female,27,6,0,Yes,2,Yes,No,1,8072,240," 1,002 ",0,Loan Approved,1,224
613,LP002984,15619857,Crawford,Sr Manager,Graduate,No,605,Yes,France,Urban,Married,Female,64,2,129555.7,Yes,Yes,Yes,Yes,2,7583,0," 13,602 ",0,Loan Approved,1,606
614,LP002990,15805062,Lynton,Manager,Graduate,Yes,667,No,Spain,Semiurban,Not Married,Male,38,1,87202.38,Yes,Yes,Yes,Yes,0,4583,0," 77,867 ",0,Not Approved,1,848
