RowNumber,Loan_ID,CustomerId,Surname,Designation,Education,Self_Employed,CreditScore,Credit_History,Geography,Property_Area,Married,Gender,Age,Tenure,Balance,HasCar,NumOfProducts,HasCrCard,IsActiveMember,Dependents,ApplicantIncome,CoapplicantIncome,LoanAmount,EstimatedSalary,Exited,Loan_Status,No Customer,LoanAmount
1,LP001002,15634602,Hargrave,Manager,Graduate,No,619,1,France,Urban,No,Female,42,2,0,Yes,Yes,Yes,Yes,0,5849,0,,101348.88,1,Y,1,959
2,LP001003,15647311,Hill,Sr Manager,Graduate,No,608,1,Spain,Rural,Divorced,Female,41,1,83807.86,No,Yes,No,Yes,1,4583,1508,128,112542.58,0,N,1,525
3,LP001005,15619304,Onio,Manager,Graduate,Yes,502,1,France,Urban,Divorced,Female,42,8,159660.8,Yes,3,Yes,No,0,3000,0,66,113931.57,1,Y,1,691
4,LP001006,15701354,Boni,Sr Manager,Not Graduate,No,699,1,France,Urban,Divorced,Female,39,1,0,No,2,No,No,0,2583,2358,120,93826.63,0,Y,1,816
5,LP001008,15737888,Mitchell,Manager,Graduate,No,850,1,Spain,Urban,No,Female,43,2,125510.82,Yes,Yes,Yes,Yes,0,6000,0,141,79084.1,0,Y,1,789
6,LP001011,15574012,Chu,Manager,Graduate,Yes,645,1,Spain,Urban,Divorced,Male,44,8,113755.78,Yes,2,Yes,No,2,5417,4196,267,149756.71,1,Y,1,314
7,LP001013,15592531,Bartlett,Executive,Not Graduate,No,822,1,France,Urban,Married,Male,50,7,0,Yes,2,Yes,Yes,0,2333,1516,95,10062.8,0,Y,1,666
8,LP001014,15656148,Obinna,Sr Manager,Graduate,No,376,0,Germany,Semiurban,Divorced,Female,29,4,115046.74,Yes,4,Yes,No,3+,3036,2504,158,119346.88,1,N,1,814
9,LP001018,15792365,He,Manager,Graduate,No,501,1,France,Urban,Divorced,Male,44,4,142051.07,No,2,No,Yes,2,4006,1526,168,74940.5,0,Y,1,687
10,LP001020,15592389,H?,Manager,Graduate,No,684,1,France,Semiurban,Married,Male,27,2,134603.88,Yes,Yes,Yes,Yes,1,12841,10968,349,71725.73,0,N,1,876
11,LP001024,15767821,Bearce,Executive,Graduate,No,528,1,France,Urban,Married,Male,31,6,102016.72,No,2,No,No,2,3200,700,70,80181.12,0,Y,1,465
12,LP001027,15737173,Andrews,Sr Manager,Graduate,No,497,1,Spain,Urban,Married,Male,24,3,0,Yes,2,Yes,No,2,2500,1840,109,76390.01,0,Y,1,860
13,LP001028,15632264,Kay,Sr Manager,Graduate,No,476,1,France,Urban,Married,Female,34,10,0,Yes,2,Yes,No,2,3073,8106,200,26260.98,0,Y,1,948
14,LP001029,15691483,Chin,Executive,Graduate,No,549,1,France,Rural,No,Female,25,5,0,No,2,No,No,0,1853,2840,114,190857.79,0,N,1,762
15,LP001030,15600882,Scott,Manager,Graduate,No,635,1,Spain,Urban,Married,Female,35,7,0,Yes,2,Yes,Yes,2,1299,1086,17,65951.65,0,Y,1,873
16,LP001032,15643966,Goforth,Executive,Graduate,No,616,1,Germany,Urban,No,Male,45,3,143129.41,No,2,No,Yes,0,4950,0,125,64327.26,0,Y,1,826
17,LP001034,15737452,Romeo,Executive,Not Graduate,No,653,1,Germany,Urban,No,Male,58,1,132602.88,Yes,Yes,Yes,No,1,3596,0,100,5097.67,1,Y,1,433
18,LP001036,15788218,Henderson,Executive,Graduate,No,549,0,Spain,Urban,No,Female,24,9,0,Yes,2,Yes,Yes,0,3510,0,76,14406.41,0,N,1,156
19,LP001038,15661507,Muldrow,Executive,Not Graduate,No,587,1,Spain,Rural,Divorced,Male,45,6,0,No,Yes,No,No,0,4887,0,133,158684.81,0,N,1,797
20,LP001041,15568982,Hao,Executive,Graduate,No,726,1,France,Urban,Married,Female,24,6,0,Yes,2,Yes,Yes,0,2600,3500,115,54724.03,0,Y,1,166
21,LP001043,15577657,McDonald,Sr Manager,Not Graduate,No,732,0,France,Urban,Married,Male,41,8,0,Yes,2,Yes,Yes,0,7660,0,104,170886.17,0,N,1,834
22,LP001046,15597945,Dellucci,Sr Manager,Graduate,No,636,1,Spain,Urban,Divorced,Female,32,8,0,Yes,2,Yes,No,1,5955,5625,315,138555.46,0,Y,1,468
23,LP001047,15699309,Gerasimov,Executive,Not Graduate,No,510,0,Spain,Semiurban,Divorced,Female,38,4,0,Yes,Yes,Yes,No,0,2600,1911,116,118913.53,1,N,1,477
24,LP001050,15725737,Mosman,Executive,Not Graduate,No,669,0,France,Rural,Divorced,Male,46,3,0,No,2,No,Yes,2,3365,1917,112,8487.75,0,N,1,615
25,LP001052,15625047,Yen,VP,Graduate,No,846,0,France,Semiurban,Divorced,Female,38,5,0,Yes,Yes,Yes,Yes,1,3717,2925,151,187616.16,0,N,1,513
26,LP001066,15738191,Maclean,Manager,Graduate,Yes,577,1,France,Semiurban,Divorced,Male,25,3,0,No,2,No,Yes,0,9560,0,191,124508.29,0,Y,1,697
27,LP001068,15736816,Young,VP,Graduate,No,756,1,Germany,Semiurban,Married,Male,36,2,136815.64,Yes,Yes,Yes,Yes,0,2799,2253,122,170041.95,0,Y,1,840
28,LP001073,15700772,Nebechi,Executive,Not Graduate,No,571,1,France,Urban,Divorced,Male,44,9,0,No,2,No,No,2,4226,1040,110,38433.35,0,Y,1,922
29,LP001086,15728693,McWilliams,Executive,Not Graduate,No,574,1,Germany,Urban,No,Female,43,3,141349.43,Yes,Yes,Yes,Yes,0,1442,0,35,100187.43,0,N,1,720
30,LP001087,15656300,Lucciano,Executive,Graduate,No,411,1,France,Semiurban,No,Male,29,0,59697.17,Yes,2,Yes,Yes,2,3750,2083,120,53483.21,0,Y,1,352
31,LP001091,15589475,Azikiwe,AVP,Graduate,No,591,1,Spain,Urban,Divorced,Female,39,3,0,Yes,3,Yes,No,1,4166,3369,201,140469.38,1,N,1,805
32,LP001095,15706552,Odinakachukwu,Sr Manager,Graduate,No,533,1,France,Urban,No,Male,36,7,85311.7,No,Yes,No,Yes,0,3167,0,74,156731.91,0,N,1,816
33,LP001097,15750181,Sanderson,Manager,Graduate,Yes,553,1,Germany,Rural,No,Male,41,9,110112.54,No,2,No,No,1,4692,0,106,81898.81,0,N,1,135
34,LP001098,15659428,Maggard,Executive,Graduate,No,520,1,Spain,Semiurban,Divorced,Female,42,6,0,Yes,2,Yes,Yes,0,3500,1667,114,34410.55,0,Y,1,890
35,LP001100,15732963,Clements,Executive,Graduate,No,722,1,Spain,Rural,No,Female,29,9,0,Yes,2,Yes,Yes,3+,12500,3000,320,142033.07,0,N,1,111
36,LP001106,15794171,Lombardo,VP,Graduate,No,475,1,France,Urban,Divorced,Female,45,0,134264.04,Yes,Yes,Yes,No,0,2275,2067,,27822.99,1,Y,1,358
37,LP001109,15788448,Watson,Executive,Graduate,No,490,0,Spain,Urban,Married,Male,31,3,145260.23,No,Yes,No,Yes,0,1828,1330,100,114066.77,0,N,1,673
38,LP001112,15729599,Lorenzo,Executive,Graduate,No,804,1,Spain,Semiurban,Married,Male,33,7,76548.6,No,Yes,No,Yes,0,3667,1459,144,98453.45,0,Y,1,477
39,LP001114,15717426,Armstrong,Manager,Graduate,No,850,1,France,Urban,No,Male,36,7,0,Yes,Yes,Yes,Yes,0,4166,7210,184,40812.9,0,Y,1,323
40,LP001116,15585768,Cameron,Executive,Not Graduate,No,582,1,Germany,Semiurban,No,Male,41,6,70349.48,No,2,No,Yes,0,3748,1668,110,178074.04,0,Y,1,535
41,LP001119,15619360,Hsiao,Executive,Graduate,No,472,1,Spain,Urban,No,Male,40,4,0,Yes,Yes,Yes,No,0,3600,0,80,70154.22,0,N,1,801
42,LP001120,15738148,Clarke,Executive,Graduate,No,465,1,France,Urban,No,Female,51,8,122522.32,No,Yes,No,No,0,1800,1213,47,181297.65,1,Y,1,585
43,LP001123,15687946,Osborne,Executive,Graduate,No,556,1,France,Urban,Divorced,Female,61,2,117419.35,Yes,Yes,Yes,Yes,0,2400,0,75,94153.83,0,Y,1,297
44,LP001131,15755196,Lavine,Manager,Graduate,No,834,1,France,Semiurban,Divorced,Female,49,2,131394.56,No,Yes,No,No,0,3941,2336,134,194365.76,1,Y,1,588
45,LP001136,15684171,Bianchi,Manager,Not Graduate,Yes,660,1,Spain,Urban,Divorced,Female,61,5,155931.11,Yes,Yes,Yes,Yes,0,4695,0,96,158338.39,0,Y,1,576
46,LP001137,15754849,Tyler,Sr Manager,Graduate,No,776,1,Germany,Urban,No,Female,32,4,109421.13,Yes,2,Yes,Yes,0,3410,0,88,126517.46,0,Y,1,613
47,LP001138,15602280,Martin,Manager,Graduate,No,829,1,Germany,Urban,Married,Female,27,9,112045.67,Yes,Yes,Yes,Yes,1,5649,0,44,119708.21,1,Y,1,968
48,LP001144,15771573,Okagbue,VP,Graduate,No,637,1,Germany,Urban,Divorced,Female,39,9,137843.8,Yes,Yes,Yes,Yes,0,5821,0,144,117622.8,1,Y,1,361
49,LP001146,15766205,Yin,Sr Manager,Graduate,No,550,0,Germany,Urban,Divorced,Male,38,2,103391.38,No,Yes,No,Yes,0,2645,3440,120,90878.13,0,N,1,799
50,LP001151,15771873,Buccho,Executive,Graduate,No,776,1,Germany,Semiurban,No,Female,37,2,103769.22,Yes,2,Yes,No,0,4000,2275,144,194099.12,0,Y,1,369
51,LP001155,15616550,Chidiebele,Executive,Not Graduate,No,698,1,Germany,Semiurban,Divorced,Male,44,10,116363.37,Yes,2,Yes,No,0,1928,1644,100,198059.16,0,Y,1,408
52,LP001157,15768193,Trevisani,Executive,Graduate,No,585,1,Germany,Semiurban,No,Male,36,5,146050.97,No,2,No,No,0,3086,0,120,86424.57,0,Y,1,180
53,LP001164,15683553,O'Brien,AVP,Graduate,No,788,1,France,Semiurban,No,Female,33,5,0,No,2,No,No,0,4230,0,112,116978.19,0,N,1,130
54,LP001179,15702298,Parkhill,Manager,Graduate,No,655,1,Germany,Urban,Divorced,Male,41,8,125561.97,No,Yes,No,No,2,4616,0,134,164040.94,1,N,1,628
55,LP001186,15569590,Yoo,Manager,Graduate,Yes,601,0,Germany,Urban,Married,Male,42,1,98495.72,Yes,Yes,Yes,No,1,11500,0,286,40014.76,1,N,1,748
56,LP001194,15760861,Phillipps,Manager,Graduate,No,619,1,France,Semiurban,Married,Male,43,1,125211.92,Yes,Yes,Yes,Yes,2,2708,1167,97,113410.49,0,Y,1,459
57,LP001195,15630053,Tsao,Sr Manager,Graduate,No,656,1,France,Semiurban,Divorced,Male,45,5,127864.4,Yes,Yes,Yes,No,0,2132,1591,96,87107.57,0,Y,1,847
58,LP001197,15647091,Endrizzi,Sr Manager,Graduate,No,725,1,Germany,Rural,Married,Male,19,0,75888.2,No,Yes,No,No,0,3366,2200,135,45613.75,0,N,1,152
59,LP001198,15623944,T'ien,Executive,Graduate,No,511,1,Spain,Urban,Married,Female,66,4,0,Yes,Yes,Yes,No,1,8080,2250,180,1643.11,1,Y,1,725
60,LP001199,15804771,Velazquez,Manager,Not Graduate,No,614,1,France,Urban,Married,Male,51,4,40685.92,Yes,Yes,Yes,Yes,2,3357,2859,144,46775.28,0,Y,1,286
61,LP001205,15651280,Hunter,Manager,Graduate,No,742,1,Germany,Urban,Married,Male,35,5,136857,No,Yes,No,No,0,2500,3796,120,84509.57,0,Y,1,920
62,LP001206,15773469,Clark,Manager,Graduate,No,687,1,Germany,Urban,Divorced,Female,27,9,152328.88,No,2,No,No,3+,3029,0,99,126494.82,0,Y,1,120
63,LP001207,15702014,Jeffrey,Manager,Not Graduate,Yes,555,0,Spain,Rural,Divorced,Male,33,1,56084.69,No,2,No,No,0,2609,3449,165,178798.13,0,N,1,291
64,LP001213,15751208,Pirozzi,VP,Graduate,No,684,0,Spain,Rural,Divorced,Male,56,8,78707.16,Yes,Yes,Yes,Yes,1,4945,0,,99398.36,0,N,1,575
65,LP001222,15592461,Jackson,Executive,Graduate,No,603,0,Germany,Semiurban,No,Male,26,4,109166.37,Yes,Yes,Yes,Yes,0,4166,0,116,92840.67,0,N,1,899
66,LP001225,15789484,Hammond,Executive,Graduate,No,751,1,Germany,Semiurban,Divorced,Female,36,6,169831.46,Yes,2,Yes,Yes,0,5726,4595,258,27758.36,0,N,1,155
67,LP001228,15696061,Brownless,Manager,Not Graduate,No,581,0,Germany,Urban,No,Female,34,1,101633.04,Yes,Yes,Yes,No,0,3200,2254,126,110431.51,0,N,1,545
68,LP001233,15641582,Chibugo,Executive,Graduate,No,735,1,Germany,Urban,Divorced,Male,43,10,123180.01,Yes,2,Yes,Yes,1,10750,0,312,196673.28,0,Y,1,646
69,LP001238,15638424,Glauert,Manager,Not Graduate,Yes,661,1,Germany,Urban,Divorced,Female,35,5,150725.53,No,2,No,Yes,3+,7100,0,125,113656.85,0,Y,1,119
70,LP001241,15755648,Pisano,Manager,Graduate,No,675,0,France,Semiurban,No,Female,21,8,98373.26,Yes,Yes,Yes,No,0,4300,0,136,18203,0,N,1,870
71,LP001243,15703793,Konovalova,Manager,Graduate,No,738,1,Germany,Urban,Married,Male,58,2,133745.44,Yes,4,Yes,No,0,3208,3066,172,28373.86,1,Y,1,170
72,LP001245,15620344,McKee,Manager,Not Graduate,Yes,813,1,France,Semiurban,Divorced,Male,29,6,0,Yes,Yes,Yes,No,2,1875,1875,97,33953.87,0,Y,1,125
73,LP001248,15812518,Palermo,Sr Manager,Graduate,No,657,1,Spain,Semiurban,No,Female,37,0,163607.18,No,Yes,No,Yes,0,3500,0,81,44203.55,0,Y,1,817
74,LP001250,15779052,Ballard,AVP,Not Graduate,No,604,0,Germany,Semiurban,Divorced,Female,25,5,157780.84,Yes,2,Yes,Yes,3+,4755,0,95,58426.81,0,N,1,418
75,LP001253,15770811,Wallace,Manager,Graduate,Yes,519,1,France,Semiurban,Married,Male,36,9,0,No,2,No,Yes,3+,5266,1774,187,145562.4,0,Y,1,777
76,LP001255,15780961,Cavenagh,Executive,Graduate,No,735,1,France,Urban,No,Female,21,1,178718.19,Yes,2,Yes,No,0,3750,0,113,22388,0,N,1,169
77,LP001256,15614049,Hu,Executive,Graduate,No,664,1,France,Urban,No,Male,55,8,0,Yes,2,Yes,Yes,0,3750,4750,176,139161.64,0,N,1,469
78,LP001259,15662085,Read,Manager,Graduate,Yes,678,1,France,Urban,Divorced,Female,32,9,0,Yes,Yes,Yes,Yes,1,1000,3022,110,148210.64,0,N,1,391
79,LP001263,15575185,Bushell,Manager,Graduate,No,757,0,Spain,Semiurban,Married,Male,33,5,77253.22,No,Yes,No,Yes,3+,3167,4000,180,194239.63,0,N,1,968
80,LP001264,15803136,Postle,Manager,Not Graduate,Yes,416,0,Germany,Semiurban,Divorced,Female,41,10,122189.66,Yes,2,Yes,No,3+,3333,2166,130,98301.61,0,Y,1,176
81,LP001265,15706021,Buley,VP,Graduate,No,665,1,France,Semiurban,No,Female,34,1,96645.54,No,2,No,No,0,3846,0,111,171413.66,0,Y,1,249
82,LP001266,15663706,Leonard,Manager,Graduate,Yes,777,1,France,Semiurban,Divorced,Female,32,2,0,Yes,Yes,Yes,No,1,2395,0,,136458.19,1,Y,1,434
83,LP001267,15641732,Mills,Executive,Graduate,No,543,1,France,Urban,Divorced,Female,36,3,0,No,2,No,No,2,1378,1881,167,26019.59,0,N,1,856
84,LP001273,15701164,Onyeorulu,VP,Graduate,No,506,1,France,Semiurban,Married,Female,34,4,90307.62,Yes,Yes,Yes,Yes,0,6000,2250,265,159235.29,0,N,1,592
85,LP001275,15738751,Beit,Sr Manager,Graduate,No,493,1,France,Urban,Divorced,Female,46,4,0,Yes,2,Yes,No,1,3988,0,50,1907.66,0,Y,1,623
86,LP001279,15805254,Ndukaku,Executive,Graduate,No,652,1,Spain,Semiurban,No,Female,75,10,0,Yes,2,Yes,Yes,0,2366,2531,136,114675.75,0,Y,1,114
87,LP001280,15762418,Gant,Executive,Not Graduate,No,750,1,Spain,Semiurban,Divorced,Male,22,3,121681.82,Yes,Yes,Yes,No,2,3333,2000,99,128643.35,1,Y,1,704
88,LP001282,15625759,Rowley,Manager,Graduate,No,729,1,France,Semiurban,Divorced,Male,30,9,0,Yes,2,Yes,No,0,2500,2118,104,151869.35,0,Y,1,574
89,LP001289,15622897,Sharpe,Manager,Graduate,No,646,1,France,Urban,No,Female,46,4,0,Yes,3,Yes,No,0,8566,0,210,93251.42,1,Y,1,356
90,LP001310,15767954,Osborne,Executive,Graduate,No,635,1,Germany,Semiurban,Divorced,Female,28,3,81623.67,Yes,2,Yes,Yes,0,5695,4167,175,156791.36,0,Y,1,419
91,LP001316,15757535,Heap,Sr Manager,Graduate,No,647,1,Spain,Semiurban,Divorced,Female,44,5,0,Yes,3,Yes,Yes,0,2958,2900,131,174205.22,1,Y,1,422
92,LP001318,15731511,Ritchie,Sr Manager,Graduate,No,808,1,France,Semiurban,Married,Male,45,7,118626.55,Yes,2,Yes,No,2,6250,5654,188,147132.46,0,Y,1,566
93,LP001319,15809248,Cole,Manager,Not Graduate,No,524,1,France,Urban,Married,Female,36,10,0,Yes,2,Yes,No,2,3273,1820,81,109614.57,0,Y,1,955
94,LP001322,15640635,Capon,Sr Manager,Graduate,No,769,1,France,Semiurban,No,Male,29,8,0,Yes,2,Yes,Yes,0,4133,0,122,172290.61,0,Y,1,806
95,LP001325,15676966,Capon,VP,Not Graduate,No,730,1,Spain,Semiurban,No,Male,42,4,0,No,2,No,Yes,0,3620,0,25,85982.47,0,Y,1,703
96,LP001326,15699461,Fiorentini,Executive,Graduate,No,515,1,Spain,Urban,No,Male,35,10,176273.95,No,Yes,No,Yes,0,6782,0,,121277.78,0,N,1,475
97,LP001327,15738721,Graham,Manager,Graduate,No,773,1,Spain,Semiurban,Divorced,Male,41,9,102827.44,No,Yes,No,Yes,0,2484,2302,137,64595.25,0,Y,1,303
98,LP001333,15693683,Yuille,VP,Graduate,No,814,1,Germany,Semiurban,Divorced,Male,29,8,97086.4,Yes,2,Yes,Yes,0,1977,997,50,197276.13,0,Y,1,187
99,LP001334,15604348,Allard,AVP,Not Graduate,No,710,1,Spain,Semiurban,Divorced,Male,22,8,0,No,2,No,No,0,4188,0,115,99645.04,0,Y,1,835
100,LP001343,15633059,Fanucci,Manager,Graduate,No,413,1,France,Semiurban,Divorced,Male,34,9,0,No,2,No,No,0,1759,3541,131,6534.18,0,Y,1,474
101,LP001345,15808582,Fu,Manager,Not Graduate,No,665,1,France,Urban,Married,Female,40,6,0,Yes,Yes,Yes,Yes,2,4288,3263,133,161848.03,0,Y,1,622
102,LP001349,15743192,Hung,Manager,Graduate,No,623,1,France,Semiurban,No,Female,44,6,0,No,2,No,No,0,4843,3806,151,167162.43,0,Y,1,973
103,LP001350,15580146,Hung,Manager,Graduate,No,738,1,France,Urban,Divorced,Male,31,9,82674.15,Yes,Yes,Yes,No,0,13650,0,,41970.72,0,Y,1,243
104,LP001356,15776605,Bradley,Manager,Graduate,No,528,1,Spain,Semiurban,Married,Male,36,7,0,Yes,2,Yes,No,0,4652,3583,,60536.56,0,Y,1,281
105,LP001357,15804919,Dunbabin,Sr Manager,Graduate,No,670,1,Spain,Urban,Married,Female,65,1,0,Yes,Yes,Yes,Yes,0,3816,754,160,177655.68,1,Y,1,810
106,LP001367,15613854,Mauldon,Executive,Graduate,No,622,1,Spain,Urban,Divorced,Female,46,4,107073.27,Yes,2,Yes,Yes,1,3052,1030,100,30984.59,1,Y,1,791
107,LP001369,15599195,Stiger,Executive,Graduate,No,582,1,Germany,Urban,Married,Male,32,1,88938.62,Yes,Yes,Yes,Yes,2,11417,1126,225,10054.53,0,Y,1,845
108,LP001370,15812878,Parsons,Executive,Not Graduate,No,785,1,Germany,Rural,No,Female,36,2,99806.85,No,Yes,No,Yes,0,7333,0,120,36976.52,0,N,1,978
109,LP001379,15602312,Walkom,Manager,Graduate,No,605,0,Spain,Urban,Divorced,Male,33,5,150092.8,No,Yes,No,No,2,3800,3600,216,71862.79,0,N,1,322
110,LP001384,15744689,T'ang,Executive,Not Graduate,No,479,1,Germany,Semiurban,Divorced,Male,35,9,92833.89,Yes,Yes,Yes,No,3+,2071,754,94,99449.86,1,Y,1,344
111,LP001385,15803526,Eremenko,Manager,Graduate,No,685,1,Germany,Urban,No,Male,30,3,90536.81,No,Yes,No,Yes,0,5316,0,136,63082.88,0,Y,1,703
112,LP001387,15665790,Rowntree,Executive,Graduate,No,538,1,Germany,Semiurban,Divorced,Male,39,7,108055.1,Yes,2,Yes,No,0,2929,2333,139,27231.26,0,Y,1,579
113,LP001391,15715951,Thorpe,VP,Not Graduate,No,562,0,France,Rural,Divorced,Male,42,2,100238.35,No,Yes,No,No,0,3572,4114,152,86797.41,0,N,1,195
114,LP001392,15591100,Chiemela,Manager,Graduate,Yes,675,1,Spain,Semiurban,No,Male,36,9,106190.55,No,Yes,No,Yes,1,7451,0,,22994.32,0,Y,1,153
115,LP001398,15609618,Fanucci,Executive,Graduate,Yes,721,1,Germany,Semiurban,No,Male,28,9,154475.54,No,2,No,Yes,0,5050,0,118,101300.94,1,Y,1,165
116,LP001401,15675522,Ko,Manager,Graduate,No,628,1,Germany,Rural,Divorced,Female,30,9,132351.29,Yes,2,Yes,Yes,1,14583,0,185,74169.13,0,Y,1,334
117,LP001404,15705512,Welch,Executive,Graduate,No,668,1,Germany,Semiurban,Divorced,Female,37,6,167864.4,Yes,Yes,Yes,No,0,3167,2283,154,115638.29,0,Y,1,951
118,LP001405,15698028,Duncan,Manager,Graduate,No,506,1,France,Urban,Divorced,Female,41,1,0,Yes,2,Yes,No,1,2214,1398,85,31766.3,0,Y,1,424
119,LP001421,15661670,Chidozie,Executive,Graduate,No,524,1,Germany,Rural,Divorced,Female,31,8,107818.63,Yes,Yes,Yes,No,0,5568,2142,175,199725.39,1,N,1,996
120,LP001422,15600781,Wu,Executive,Graduate,No,699,1,Germany,Urban,No,Male,34,4,185173.81,Yes,2,Yes,No,0,10408,0,259,120834.48,0,Y,1,750
121,LP001426,15682472,Culbreth,AVP,Graduate,No,828,1,France,Rural,Married,Male,34,8,129433.34,No,2,No,No,0,5667,2667,180,38131.77,0,Y,1,787
122,LP001430,15580203,Kennedy,Executive,Graduate,No,674,1,Spain,Semiurban,No,Male,39,6,120193.42,No,Yes,No,No,0,4166,0,44,100130.95,0,Y,1,751
123,LP001431,15690673,Cameron,Executive,Graduate,No,656,0,France,Semiurban,No,Female,39,6,0,Yes,2,Yes,No,0,2137,8980,137,141069.88,0,Y,1,247
124,LP001432,15760085,Calabresi,Executive,Graduate,No,684,1,Germany,Semiurban,Divorced,Female,48,10,126384.42,Yes,Yes,Yes,Yes,2,2957,0,81,198129.36,0,Y,1,133
125,LP001439,15779659,Zetticci,Sr Manager,Not Graduate,No,625,1,France,Rural,Married,Female,28,3,0,No,Yes,No,No,0,4300,2014,194,183646.41,0,Y,1,271
126,LP001443,15627360,Fuller,Manager,Graduate,No,432,1,France,Rural,No,Male,42,9,152603.45,Yes,Yes,Yes,No,0,3692,0,93,110265.24,1,Y,1,223
127,LP001448,15671137,MacDonald,Executive,Graduate,No,549,1,France,Rural,Divorced,Female,52,1,0,No,Yes,No,Yes,3+,23803,0,370,8636.05,1,Y,1,930
128,LP001449,15782688,Piccio,Executive,Graduate,No,625,1,Germany,Rural,No,Male,56,0,148507.24,Yes,Yes,Yes,No,0,3865,1640,,46824.08,1,Y,1,572
129,LP001451,15575492,Kennedy,Manager,Graduate,Yes,828,0,France,Urban,Divorced,Female,41,7,0,Yes,2,Yes,No,1,10513,3850,160,171378.77,0,N,1,676
130,LP001465,15591607,Fernie,AVP,Graduate,No,770,0,France,Rural,Divorced,Male,24,9,101827.07,Yes,Yes,Yes,No,0,6080,2569,182,167256.35,0,N,1,853
131,LP001469,15740404,He,Manager,Graduate,Yes,758,0,France,Urban,No,Female,34,3,0,Yes,2,Yes,Yes,0,20166,0,650,124226.16,0,Y,1,736
132,LP001473,15718369,Kaodilinakachukwu,Executive,Graduate,No,795,1,Germany,Urban,No,Female,33,9,130862.43,Yes,Yes,Yes,Yes,0,2014,1929,74,114935.21,0,Y,1,240
133,LP001478,15677871,Cocci,Sr Manager,Graduate,No,687,1,France,Semiurban,No,Male,38,9,122570.87,Yes,Yes,Yes,Yes,0,2718,0,70,35608.88,0,Y,1,191
134,LP001482,15642004,Alekseeva,Manager,Graduate,Yes,686,1,France,Semiurban,Married,Male,25,1,0,No,2,No,Yes,0,3459,0,25,16459.37,0,Y,1,424
135,LP001487,15712543,Chinweike,Manager,Graduate,No,789,1,Germany,Semiurban,No,Male,39,7,124828.46,Yes,2,Yes,Yes,0,4895,0,102,124411.08,0,Y,1,926
136,LP001488,15584518,Arthur,Manager,Graduate,No,589,1,Germany,Semiurban,Married,Female,50,5,144895.05,Yes,2,Yes,Yes,3+,4000,7750,290,34941.23,0,N,1,434
137,LP001489,15802381,Li,Manager,Graduate,No,461,1,Germany,Rural,Married,Female,34,5,63663.93,No,Yes,No,Yes,0,4583,0,84,167784.28,0,N,1,370
138,LP001491,15610156,Ma,Manager,Graduate,Yes,637,1,France,Urban,Divorced,Male,40,2,133463.1,No,Yes,No,Yes,2,3316,3500,88,93165.34,0,Y,1,211
139,LP001492,15594408,Chia,VP,Graduate,No,584,0,Spain,Semiurban,No,Female,48,2,213146.2,Yes,Yes,Yes,No,0,14999,0,242,75161.25,1,N,1,775
140,LP001493,15640905,Vasin,Manager,Not Graduate,No,579,1,Spain,Rural,Married,Female,35,1,129490.36,No,2,No,Yes,2,4200,1430,129,8590.83,1,N,1,827
141,LP001497,15698932,Groves,Manager,Graduate,No,756,1,Germany,Rural,Divorced,Male,44,10,137452.09,Yes,Yes,Yes,No,2,5042,2083,185,189543.9,0,N,1,211
142,LP001498,15724944,Tien,Manager,Graduate,No,663,1,France,Urban,No,Male,34,7,0,Yes,2,Yes,Yes,0,5417,0,168,180427.24,0,Y,1,985
143,LP001504,15628145,Forwood,Manager,Graduate,Yes,682,1,France,Semiurban,No,Female,43,5,125851.93,Yes,Yes,Yes,Yes,0,6950,0,175,193318.33,0,Y,1,905
144,LP001507,15713483,Greeves,Sr Manager,Graduate,No,793,1,Spain,Semiurban,Divorced,Male,52,2,0,Yes,Yes,Yes,No,0,2698,2034,122,159123.82,1,Y,1,485
145,LP001508,15612350,Taylor,Manager,Graduate,No,691,1,France,Urban,Married,Female,31,5,40915.55,Yes,Yes,Yes,No,2,11757,0,187,126213.84,1,Y,1,667
146,LP001514,15800703,Madukwe,Executive,Graduate,No,485,1,Spain,Semiurban,Divorced,Female,21,5,113157.22,Yes,Yes,Yes,Yes,0,2330,4486,100,54141.5,0,Y,1,899
147,LP001516,15705707,Bennelong,Manager,Graduate,No,635,1,Spain,Urban,Divorced,Female,29,8,138296.94,Yes,2,Yes,No,2,14866,0,70,141075.51,0,Y,1,629
148,LP001518,15754105,Olisanugo,Sr Manager,Graduate,No,650,1,France,Urban,Divorced,Male,37,5,106967.18,No,Yes,No,No,1,1538,1425,30,24495.03,0,Y,1,927
149,LP001519,15703264,Chukwufumnanya,Manager,Graduate,No,735,1,France,Rural,No,Male,44,9,120681.63,Yes,Yes,Yes,No,0,10000,1666,225,74836.34,0,N,1,652
150,LP001520,15794413,Harris,Executive,Graduate,No,416,1,France,Semiurban,Divorced,Male,32,0,0,No,2,No,Yes,0,4860,830,125,878.87,0,Y,1,247
151,LP001528,15650237,Morgan,Executive,Graduate,No,754,0,Spain,Rural,No,Female,32,7,0,Yes,2,Yes,No,0,6277,0,118,89520.75,0,N,1,724
152,LP001529,15759618,Alexeeva,Manager,Graduate,Yes,535,1,France,Rural,Divorced,Female,48,9,0,Yes,Yes,Yes,No,0,2577,3750,152,149892.79,1,Y,1,116
153,LP001531,15811589,Metcalfe,Sr Manager,Graduate,No,716,1,Spain,Urban,No,Male,42,8,0,Yes,2,Yes,No,0,9166,0,244,180800.42,0,N,1,967
154,LP001532,15689044,Humphries,AVP,Not Graduate,No,539,1,France,Rural,Divorced,Male,37,2,127609.59,Yes,Yes,Yes,No,2,2281,0,113,98646.22,0,N,1,242
155,LP001535,15709368,Milne,Executive,Graduate,No,614,1,France,Urban,No,Female,43,6,0,Yes,2,Yes,Yes,0,3254,0,50,109041.53,0,Y,1,128
156,LP001536,15679145,Chou,Executive,Graduate,No,706,0,Spain,Semiurban,Married,Male,57,7,0,Yes,Yes,Yes,No,3+,39999,0,600,17941.16,1,Y,1,743
157,LP001541,15655007,Li,AVP,Graduate,No,758,0,France,Rural,Divorced,Female,33,7,0,No,2,No,No,1,6000,0,160,82996.47,0,Y,1,377
158,LP001543,15623595,Clayton,Manager,Graduate,No,586,1,Spain,Urban,Married,Female,28,2,0,Yes,2,Yes,Yes,1,9538,0,187,92067.35,0,Y,1,710
159,LP001546,15589975,Maclean,Manager,Graduate,No,646,1,France,Rural,No,Female,73,6,97259.25,No,Yes,No,Yes,0,2980,2083,120,104719.66,0,Y,1,682
160,LP001552,15804017,Chigolum,Executive,Graduate,No,631,1,Germany,Semiurban,Married,Female,33,4,123246.7,No,Yes,No,No,0,4583,5625,255,112687.57,0,Y,1,226
161,LP001560,15692132,Wilkinson,Manager,Not Graduate,No,717,1,Spain,Semiurban,Married,Female,22,6,101060.25,No,Yes,No,Yes,0,1863,1041,98,84699.56,0,Y,1,895
162,LP001562,15641122,Wei,Manager,Graduate,No,684,1,France,Urban,Divorced,Male,30,2,0,Yes,2,Yes,No,0,7933,0,275,83473.82,0,N,1,993
163,LP001565,15630910,Treacy,Manager,Graduate,No,800,0,France,Semiurban,Divorced,Female,49,7,108007.36,No,Yes,No,No,1,3089,1280,121,47125.11,0,N,1,721
164,LP001570,15680772,Hu,Manager,Graduate,No,721,1,Spain,Rural,Married,Female,36,2,0,Yes,2,Yes,Yes,2,4167,1447,158,106977.8,0,Y,1,989
165,LP001572,15658929,Taverner,Executive,Graduate,No,683,1,Spain,Urban,Married,Male,29,0,133702.89,Yes,Yes,Yes,No,0,9323,0,75,55582.54,1,Y,1,490
166,LP001574,15585388,Sherman,Manager,Graduate,No,660,1,Germany,Rural,Married,Male,31,9,125189.75,Yes,2,Yes,Yes,0,3707,3166,182,139874.43,0,Y,1,311
167,LP001577,15724623,Taubman,Sr Manager,Graduate,No,704,1,Germany,Rural,Married,Female,24,7,113034.22,Yes,Yes,Yes,No,0,4583,0,112,162503.48,1,N,1,279
168,LP001578,15588537,Robinson,VP,Graduate,No,615,1,Spain,Rural,Divorced,Female,41,9,109013.23,Yes,Yes,Yes,No,0,2439,3333,129,196499.96,0,Y,1,820
169,LP001579,15574692,Pinto,Sr Manager,Graduate,No,667,0,Spain,Semiurban,No,Female,39,2,0,Yes,2,Yes,No,0,2237,0,63,40721.24,1,N,1,593
170,LP001580,15611325,Wood,Manager,Graduate,No,682,1,Germany,Semiurban,Divorced,Male,24,9,57929.81,No,2,No,No,2,8000,0,200,53134.3,0,Y,1,627
171,LP001581,15587562,Hawkins,Manager,Not Graduate,No,484,1,France,Rural,Married,Female,29,4,130114.39,Yes,Yes,Yes,No,0,1820,1769,95,164017.89,0,Y,1,265
172,LP001585,15613172,Sun,VP,Graduate,No,628,1,Germany,Urban,Divorced,Male,27,5,95826.49,Yes,2,Yes,No,3+,51763,0,700,155996.96,0,Y,1,156
173,LP001586,15651022,Yost,Manager,Not Graduate,No,480,1,Germany,Rural,Divorced,Male,44,10,129608.57,Yes,Yes,Yes,No,3+,3522,0,81,5472.7,1,N,1,665
174,LP001594,15586310,Ting,Manager,Graduate,No,578,1,France,Semiurban,Divorced,Male,30,4,169462.09,Yes,Yes,Yes,No,0,5708,5625,187,112187.11,0,Y,1,822
175,LP001603,15625524,Rowe,Manager,Not Graduate,Yes,512,1,France,Semiurban,Divorced,Male,40,5,0,Yes,2,Yes,Yes,0,4344,736,87,146457.83,0,N,1,948
176,LP001606,15755209,Fu,Sr Manager,Graduate,No,484,1,Spain,Rural,Divorced,Female,35,7,133868.21,Yes,Yes,Yes,Yes,0,3497,1964,116,27286.1,0,Y,1,450
177,LP001608,15645248,Ho,Manager,Graduate,No,510,1,France,Rural,Married,Female,30,0,0,Yes,2,Yes,Yes,2,2045,1619,101,130553.47,0,Y,1,884
178,LP001610,15790355,Okechukwu,Manager,Graduate,No,606,0,Germany,Semiurban,Divorced,Male,36,5,190479.48,No,2,No,No,3+,5516,11300,495,179351.89,0,N,1,115
179,LP001616,15762615,Campbell,Executive,Graduate,No,597,1,Spain,Semiurban,Divorced,Female,40,8,101993.12,No,Yes,No,Yes,1,3750,0,116,94774.12,0,Y,1,851
180,LP001630,15625426,Ashbolt,Manager,Not Graduate,No,754,0,Germany,Urban,No,Female,55,3,161608.81,Yes,Yes,Yes,No,0,2333,1451,102,8080.85,1,N,1,776
181,LP001633,15716334,Rozier,Executive,Graduate,No,850,0,Spain,Urban,Married,Female,45,2,122311.21,Yes,Yes,Yes,Yes,1,6400,7250,180,19482.5,0,N,1,721
182,LP001634,15789669,Hsia,Sr Manager,Graduate,No,510,0,France,Rural,No,Male,65,2,0,Yes,2,Yes,Yes,0,1916,5063,67,48071.61,0,N,1,297
183,LP001636,15621075,Ogbonnaya,Manager,Graduate,No,778,1,Germany,Semiurban,Divorced,Female,45,1,162150.42,Yes,2,Yes,No,0,4600,0,73,174531.27,0,Y,1,172
184,LP001637,15810845,T'ang,Manager,Graduate,No,636,1,France,Semiurban,Divorced,Male,42,2,0,Yes,2,Yes,Yes,1,33846,0,260,55470.78,0,N,1,325
185,LP001639,15719377,Cocci,Manager,Graduate,No,804,1,France,Semiurban,Divorced,Female,50,4,0,Yes,Yes,Yes,Yes,0,3625,0,108,8546.87,1,Y,1,569
186,LP001640,15654506,Chang,Manager,Graduate,Yes,514,1,France,Semiurban,Married,Male,32,8,0,Yes,2,Yes,No,0,39147,4750,120,95857.18,0,Y,1,925
187,LP001641,15771977,T'ao,Manager,Graduate,Yes,730,0,France,Rural,Married,Female,39,1,99010.67,Yes,Yes,Yes,No,1,2178,0,66,194945.8,0,N,1,967
188,LP001643,15708710,Ford,Manager,Graduate,No,525,0,Spain,Rural,Divorced,Female,37,0,0,No,Yes,No,Yes,0,2383,2138,58,131521.72,0,Y,1,965
189,LP001644,15726676,Marshall,Manager,Graduate,Yes,616,1,Spain,Rural,Divorced,Male,30,5,0,No,2,No,Yes,0,674,5296,168,196108.51,0,Y,1,611
190,LP001647,15587421,Tsai,Executive,Graduate,No,687,1,Germany,Rural,Divorced,Female,34,7,111388.18,Yes,2,Yes,No,0,9328,0,188,148564.76,0,Y,1,623
191,LP001653,15726931,Onwumelu,Sr Manager,Not Graduate,No,715,1,France,Rural,No,Female,41,8,56214.85,No,2,No,No,0,4885,0,48,92982.61,1,Y,1,128
192,LP001656,15771086,Graham,Executive,Graduate,No,512,1,France,Semiurban,No,Female,36,3,84327.77,Yes,2,Yes,No,0,12000,0,164,17675.36,0,N,1,775
193,LP001657,15756850,Golovanov,Manager,Not Graduate,No,479,1,France,Urban,Married,Male,40,1,0,No,2,No,No,0,6033,0,160,114996.43,0,N,1,744
194,LP001658,15702741,Potts,Manager,Graduate,No,601,1,France,Semiurban,No,Male,32,8,93012.89,Yes,Yes,Yes,No,0,3858,0,76,86957.42,0,Y,1,447
195,LP001664,15679200,Crawford,Manager,Graduate,No,580,1,Spain,Rural,No,Male,29,9,61710.44,Yes,2,Yes,No,0,4191,0,120,128077.8,0,Y,1,521
196,LP001665,15594815,Aleshire,Manager,Graduate,No,807,1,France,Semiurban,Divorced,Male,35,3,174790.15,Yes,Yes,Yes,Yes,1,3125,2583,170,600.36,0,N,1,679
197,LP001666,15635905,Moran,Manager,Graduate,No,616,1,Spain,Rural,No,Female,32,6,0,Yes,2,Yes,Yes,0,8333,3750,187,43001.46,0,Y,1,693
198,LP001669,15777892,Samsonova,Manager,Not Graduate,No,721,1,Germany,Urban,No,Male,37,3,107720.64,Yes,Yes,Yes,Yes,0,1907,2365,120,158591.12,0,Y,1,524
199,LP001671,15656176,Jenkins,AVP,Graduate,No,501,1,France,Semiurban,Married,Male,57,10,0,Yes,2,Yes,Yes,0,3416,2816,113,47847.19,0,Y,1,135
200,LP001673,15811127,Volkov,Manager,Graduate,Yes,521,1,France,Urban,No,Male,35,6,96423.84,Yes,Yes,Yes,No,0,11000,0,83,10488.44,0,N,1,881
201,LP001674,15604482,Chiemezie,Manager,Not Graduate,No,850,1,Spain,Semiurban,Divorced,Male,30,2,141040.01,Yes,Yes,Yes,Yes,1,2600,2500,90,5978.2,0,Y,1,584
202,LP001677,15622911,Jude,Sr Manager,Graduate,No,759,0,France,Semiurban,No,Male,42,4,105420.18,No,Yes,No,Yes,2,4923,0,166,121409.06,0,Y,1,627
203,LP001682,15600974,He,Executive,Not Graduate,No,516,1,Spain,Urban,Divorced,Male,50,5,0,No,Yes,No,Yes,3+,3992,0,,146145.93,1,N,1,970
204,LP001688,15727868,Onuora,Executive,Not Graduate,No,711,1,France,Urban,Divorced,Female,38,2,129022.06,Yes,2,Yes,Yes,1,3500,1083,135,14374.86,1,Y,1,670
205,LP001691,15627801,Ginikanwa,Sr Manager,Not Graduate,No,512,1,Spain,Semiurban,Divorced,Male,33,3,176666.62,Yes,Yes,Yes,No,2,3917,0,124,94670.77,0,Y,1,187
206,LP001692,15773039,Ku,Sr Manager,Not Graduate,No,550,1,France,Semiurban,No,Male,37,3,0,Yes,Yes,Yes,Yes,0,4408,0,120,179670.31,0,Y,1,198
207,LP001693,15755262,McDonald,AVP,Graduate,No,608,1,Spain,Urban,No,Female,41,3,89763.84,No,Yes,No,No,0,3244,0,80,199304.74,1,Y,1,621
208,LP001698,15679531,Collins,Manager,Not Graduate,No,618,1,France,Rural,No,Male,34,5,134954.53,Yes,Yes,Yes,Yes,0,3975,2531,55,151954.39,0,Y,1,481
209,LP001699,15684181,Hackett,Sr Manager,Graduate,No,643,1,France,Urban,No,Male,45,5,0,Yes,Yes,Yes,No,0,2479,0,59,142513.5,1,Y,1,365
210,LP001702,15612087,Dike,Executive,Graduate,No,671,1,France,Semiurban,No,Male,45,2,106376.85,No,Yes,No,Yes,0,3418,0,127,158264.62,0,N,1,911
211,LP001708,15752047,Trevisano,Executive,Graduate,No,689,1,Germany,Semiurban,No,Male,33,2,161814.64,Yes,2,Yes,No,0,10000,0,214,169381.9,0,N,1,890
212,LP001711,15624592,Tan,Manager,Graduate,No,603,0,France,Semiurban,Married,Male,31,8,0,Yes,2,Yes,Yes,3+,3430,1250,128,169915.02,0,N,1,547
213,LP001713,15573152,Glassman,Manager,Graduate,Yes,620,1,France,Urban,Married,Female,41,9,0,No,2,No,No,1,7787,0,240,88852.47,0,Y,1,941
214,LP001715,15594917,Miller,Manager,Not Graduate,Yes,676,1,France,Rural,Divorced,Female,34,1,63095.01,Yes,Yes,Yes,Yes,3+,5703,0,130,40645.81,0,Y,1,196
215,LP001716,15785542,Kornilova,Manager,Graduate,No,572,1,Germany,Urban,Divorced,Male,26,4,118287.01,No,2,No,No,0,3173,3021,137,60427.3,0,Y,1,977
216,LP001720,15723488,Watson,Executive,Not Graduate,No,668,1,Germany,Semiurban,Married,Male,47,7,106854.21,No,Yes,No,Yes,3+,3850,983,100,157959.02,1,Y,1,378
217,LP001722,15680920,Marchesi,Manager,Graduate,No,695,1,France,Rural,Divorced,Male,46,7,49512.55,Yes,Yes,Yes,No,0,150,1800,135,133007.34,0,N,1,133
218,LP001726,15786308,Millar,Sr Manager,Graduate,No,730,1,Spain,Semiurban,Divorced,Female,33,9,0,No,2,No,No,0,3727,1775,131,176576.62,0,Y,1,457
219,LP001732,15659366,Shih,Manager,Graduate,No,807,0,France,Semiurban,Divorced,Male,43,1,105799.32,Yes,2,Yes,No,2,5000,0,72,34888.04,1,N,1,948
220,LP001734,15774854,Fuller,Executive,Graduate,No,592,0,France,Semiurban,Married,Male,54,8,0,Yes,Yes,Yes,Yes,2,4283,2383,127,28737.71,1,Y,1,840
221,LP001736,15725311,Hay,Executive,Graduate,No,726,0,France,Urban,Divorced,Female,31,9,114722.05,Yes,2,Yes,Yes,0,2221,0,60,98178.57,0,N,1,784
222,LP001743,15787155,Yang,Executive,Graduate,No,514,1,Spain,Semiurban,Divorced,Male,30,7,0,No,Yes,No,Yes,2,4009,1717,116,125010.24,0,Y,1,932
223,LP001744,15727829,McIntyre,Manager,Graduate,No,567,1,France,Semiurban,No,Male,42,2,0,Yes,2,Yes,Yes,0,2971,2791,144,167984.61,0,Y,1,510
224,LP001749,15733247,Stevenson,Executive,Graduate,No,850,1,France,Semiurban,Divorced,Male,33,10,0,Yes,Yes,Yes,No,0,7578,1010,175,4861.72,1,Y,1,485
225,LP001750,15568748,Poole,Manager,Graduate,No,671,1,Germany,Semiurban,Divorced,Male,45,6,99564.22,Yes,Yes,Yes,Yes,0,6250,0,128,108872.45,1,Y,1,561
226,LP001751,15699029,Bagley,Manager,Graduate,No,670,1,France,Rural,Married,Male,37,4,170557.91,Yes,2,Yes,No,0,3250,0,170,198252.88,0,N,1,752
227,LP001754,15774393,Ch'ien,Manager,Not Graduate,Yes,694,1,France,Urban,Divorced,Female,30,9,0,Yes,2,Yes,Yes,0,4735,0,138,26960.31,0,N,1,451
228,LP001758,15676895,Cattaneo,Manager,Graduate,No,547,1,Germany,Semiurban,Married,Female,39,6,74596.15,Yes,3,Yes,Yes,2,6250,1695,210,85746.52,1,Y,1,503
229,LP001760,15637753,O'Sullivan,Manager,Graduate,No,751,1,Germany,Semiurban,Divorced,Male,50,2,96888.39,Yes,Yes,Yes,No,0,4758,0,158,77206.25,1,Y,1,201
230,LP001761,15605461,Lucas,Manager,Graduate,Yes,594,1,Germany,Rural,No,Female,29,3,130830.22,Yes,Yes,Yes,No,0,6400,0,200,61048.53,0,Y,1,377
231,LP001765,15808473,Ringrose,Executive,Graduate,No,673,1,France,Semiurban,Married,Male,72,1,0,No,2,No,Yes,1,2491,2054,104,111981.19,0,Y,1,612
232,LP001768,15627000,Freeman,Executive,Graduate,No,610,1,France,Rural,Divorced,Male,40,0,0,Yes,2,Yes,No,0,3716,0,42,62232.6,0,Y,1,213
233,LP001770,15787174,Sergeyev,Executive,Not Graduate,No,512,1,France,Rural,No,Female,37,1,0,No,2,No,Yes,0,3189,2598,120,156105.03,0,Y,1,979
234,LP001776,15723886,Fiore,Manager,Graduate,No,767,1,Germany,Semiurban,No,Male,20,3,119714.25,No,2,No,Yes,0,8333,0,280,150135.38,0,Y,1,909
235,LP001778,15704769,Smith,Executive,Graduate,No,585,1,France,Semiurban,Married,Female,67,5,113978.97,No,2,No,Yes,1,3155,1779,140,93146.11,0,Y,1,596
236,LP001784,15772896,Dumetochukwu,Manager,Graduate,No,763,1,Germany,Rural,Divorced,Male,42,6,100160.75,Yes,Yes,Yes,No,1,5500,1260,170,33462.94,1,Y,1,674
237,LP001786,15711540,Pacheco,Executive,Graduate,No,712,1,France,Urban,Divorced,Female,29,2,0,Yes,Yes,Yes,Yes,0,5746,0,255,144375,0,N,1,621
238,LP001788,15764866,Synnot,Manager,Graduate,Yes,539,1,Germany,Urban,No,Female,43,3,116220.5,Yes,3,Yes,No,0,3463,0,122,55803.96,1,Y,1,916
239,LP001790,15794056,Johnston,Manager,Graduate,No,668,1,France,Rural,No,Female,46,2,0,Yes,3,Yes,No,1,3812,0,112,89048.46,1,Y,1,523
240,LP001792,15795149,Stevens,Manager,Graduate,No,703,1,France,Semiurban,Divorced,Male,28,2,81173.83,No,2,No,Yes,1,3315,0,96,162812.16,0,Y,1,913
241,LP001798,15812009,Grant,Sr Manager,Graduate,No,662,1,Spain,Rural,Divorced,Male,38,4,0,Yes,2,Yes,No,2,5819,5000,120,136259.65,0,Y,1,257
242,LP001800,15651001,Tsao,Manager,Not Graduate,No,725,1,Germany,Urban,Married,Female,39,5,116803.8,Yes,Yes,Yes,No,1,2510,1983,140,124052.97,0,N,1,815
243,LP001806,15813844,Barnes,Manager,Graduate,No,703,1,France,Urban,No,Male,37,8,105961.68,No,2,No,Yes,0,2965,5701,155,74158.8,0,Y,1,237
244,LP001807,15596175,McIntosh,Manager,Graduate,Yes,659,1,Germany,Rural,Married,Male,67,6,117411.6,Yes,Yes,Yes,Yes,2,6250,1300,108,45071.09,1,Y,1,518
245,LP001811,15576269,Madison,Manager,Not Graduate,No,523,1,Spain,Semiurban,Divorced,Male,34,7,0,Yes,2,Yes,No,0,3406,4417,123,62030.06,0,Y,1,348
246,LP001813,15797219,Ifesinachi,Manager,Graduate,Yes,635,1,France,Urban,No,Female,40,10,123497.58,Yes,Yes,Yes,No,0,6050,4333,120,131953.23,1,N,1,512
247,LP001814,15685500,Glazkov,AVP,Graduate,No,772,1,Germany,Urban,Married,Male,26,7,152400.51,Yes,2,Yes,No,2,9703,0,112,79414,0,Y,1,497
248,LP001819,15599792,Dimauro,Manager,Not Graduate,No,545,1,France,Urban,Married,Female,26,1,0,Yes,2,Yes,Yes,1,6608,0,137,199638.56,0,Y,1,231
249,LP001824,15657566,Wieck,Executive,Graduate,No,634,1,Germany,Semiurban,Divorced,Male,24,8,103097.85,Yes,Yes,Yes,Yes,1,2882,1843,123,157577.29,0,Y,1,791
250,LP001825,15772423,Liao,Executive,Graduate,No,739,1,Germany,Urban,Divorced,Male,54,8,126418.14,Yes,Yes,Yes,No,0,1809,1868,90,134420.75,1,Y,1,565
251,LP001835,15628112,Hughes,Executive,Not Graduate,No,771,0,Germany,Semiurban,Divorced,Female,36,5,77846.9,No,Yes,No,No,0,1668,3890,201,99805.99,0,N,1,552
252,LP001836,15753754,Morrison,Sr Manager,Graduate,No,587,1,Spain,Urban,No,Female,34,1,0,Yes,2,Yes,Yes,2,3427,0,138,97932.68,0,N,1,539
253,LP001841,15793726,Matveyeva,Manager,Not Graduate,Yes,681,1,France,Rural,No,Female,79,0,0,No,2,No,Yes,0,2583,2167,104,170968.99,0,Y,1,199
254,LP001843,15694717,Ku,Sr Manager,Not Graduate,No,544,1,Germany,Semiurban,Divorced,Male,37,2,79731.91,Yes,Yes,Yes,Yes,1,2661,7101,279,57558.95,0,Y,1,819
255,LP001844,15665834,Cheatham,Manager,Graduate,Yes,696,0,Spain,Urban,No,Male,28,8,0,No,Yes,No,No,0,16250,0,192,176713.47,0,N,1,958
256,LP001846,15765297,Yao,Executive,Graduate,No,766,1,Spain,Rural,No,Male,41,0,0,No,2,No,Yes,3+,3083,0,255,34283.23,0,Y,1,620
257,LP001849,15636684,Kirkland,Sr Manager,Not Graduate,No,727,0,France,Rural,No,Male,34,10,0,Yes,2,Yes,Yes,0,6045,0,115,198637.34,0,N,1,697
258,LP001854,15592979,Rose,Executive,Graduate,No,671,1,Germany,Urban,Divorced,Female,34,6,37266.67,No,2,No,No,3+,5250,0,94,156917.12,0,N,1,454
259,LP001859,15750803,Jess,Executive,Graduate,No,693,1,France,Rural,Divorced,Female,30,6,127992.25,Yes,Yes,Yes,Yes,0,14683,2100,304,50457.2,0,N,1,350
260,LP001864,15607178,Welch,Manager,Not Graduate,No,850,1,Germany,Semiurban,Married,Male,38,3,54901.01,Yes,Yes,Yes,Yes,3+,4931,0,128,140075.55,0,N,1,758
261,LP001865,15713853,Ifeajuna,Executive,Graduate,No,732,1,Germany,Urban,Divorced,Male,42,9,108748.08,Yes,2,Yes,Yes,1,6083,4250,330,65323.11,0,Y,1,976
262,LP001868,15673481,Morton,Manager,Graduate,No,726,1,Spain,Semiurban,No,Female,48,6,99906.19,Yes,Yes,Yes,No,0,2060,2209,134,64323.24,0,Y,1,436
263,LP001870,15686776,Rossi,Manager,Graduate,No,557,1,France,Semiurban,No,Female,32,6,184686.41,Yes,2,Yes,No,1,3481,0,155,14956.44,0,N,1,527
264,LP001871,15673693,Reppert,Sr Manager,Graduate,No,682,1,France,Rural,No,Female,26,0,110654.02,No,Yes,No,Yes,0,7200,0,120,111879.21,0,Y,1,121
265,LP001872,15700696,Kang,Manager,Graduate,Yes,738,1,Spain,Semiurban,No,Male,31,9,79019.8,Yes,Yes,Yes,Yes,0,5166,0,128,18606.23,0,Y,1,327
266,LP001875,15813163,Ch'iu,Executive,Graduate,No,531,1,Spain,Rural,No,Female,36,9,99240.51,Yes,Yes,Yes,No,0,4095,3447,151,123137.01,0,Y,1,792
267,LP001877,15653857,Wallis,Manager,Graduate,No,498,1,France,Semiurban,Divorced,Male,34,2,0,Yes,2,Yes,Yes,2,4708,1387,150,148528.24,0,Y,1,235
268,LP001882,15777076,Clark,AVP,Graduate,No,651,0,France,Urban,Divorced,Male,36,7,0,Yes,2,Yes,No,3+,4333,1811,160,13898.31,0,Y,1,531
269,LP001883,15717398,Fielding,Manager,Graduate,No,549,1,Spain,Rural,No,Female,39,7,0,No,Yes,No,No,0,3418,0,135,81259.25,1,N,1,780
270,LP001884,15799217,Zetticci,Sr Manager,Graduate,No,791,1,Germany,Urban,No,Female,35,7,52436.2,Yes,Yes,Yes,No,1,2876,1560,90,161051.75,0,Y,1,616
271,LP001888,15787071,Dulhunty,AVP,Graduate,No,650,1,Spain,Urban,No,Male,41,9,0,No,2,No,Yes,0,3237,0,30,191599.67,0,Y,1,714
272,LP001891,15619955,Bevington,Manager,Graduate,No,733,1,Germany,Urban,Divorced,Male,34,3,100337.96,Yes,3,Yes,No,0,11146,0,136,48559.19,1,Y,1,685
273,LP001892,15796505,Boyle,Manager,Graduate,No,811,1,Germany,Rural,No,Female,34,1,149297.19,Yes,2,Yes,Yes,0,2833,1857,126,186339.74,0,Y,1,157
274,LP001894,15725166,Newton,VP,Graduate,No,707,1,France,Semiurban,Divorced,Male,30,8,0,Yes,2,Yes,No,0,2620,2223,150,33159.37,0,Y,1,260
275,LP001896,15800116,Bowman,Manager,Graduate,No,712,1,Germany,Semiurban,Married,Male,28,4,145605.44,No,Yes,No,Yes,2,3900,0,90,93883.53,0,Y,1,395
276,LP001900,15758685,Dubinina,Manager,Graduate,No,706,1,Spain,Semiurban,Married,Female,37,7,0,Yes,2,Yes,Yes,1,2750,1842,115,110899.3,0,Y,1,184
277,LP001903,15694456,Toscani,Executive,Graduate,No,756,1,France,Semiurban,Married,Male,62,3,0,Yes,Yes,Yes,Yes,0,3993,3274,207,11199.04,1,Y,1,562
278,LP001904,15767339,Chiazagomekpere,Manager,Graduate,No,777,1,France,Urban,Married,Female,53,10,0,Yes,2,Yes,No,0,3103,1300,80,189992.97,0,Y,1,469
279,LP001907,15683562,Allen,Manager,Graduate,No,646,1,France,Semiurban,Married,Male,35,6,84026.86,No,Yes,No,Yes,0,14583,0,436,164255.69,0,Y,1,215
280,LP001908,15782210,K'ung,Manager,Not Graduate,No,714,1,France,Rural,Divorced,Male,46,1,0,Yes,Yes,Yes,No,0,4100,0,124,152167.79,1,Y,1,502
281,LP001910,15668893,Wilsmore,Manager,Not Graduate,Yes,782,0,France,Urban,No,Male,39,8,0,Yes,2,Yes,Yes,1,4053,2426,158,33949.67,0,N,1,949
282,LP001914,15669169,Hargreaves,Executive,Graduate,No,775,1,Spain,Semiurban,Divorced,Male,29,10,0,Yes,2,Yes,Yes,0,3927,800,112,68143.93,0,Y,1,343
283,LP001915,15643024,Huang,VP,Graduate,No,479,1,Germany,Urban,Divorced,Male,35,4,138718.92,Yes,Yes,Yes,Yes,2,2301,985.7999878,78,47251.79,1,Y,1,848
284,LP001917,15699389,Ch'ien,Sr Manager,Graduate,No,807,1,France,Urban,No,Male,42,7,118274.71,Yes,Yes,Yes,Yes,0,1811,1666,54,25885.72,0,Y,1,789
285,LP001922,15708608,Wallwork,AVP,Graduate,No,799,1,France,Rural,Divorced,Female,22,8,174185.98,No,2,No,Yes,0,20667,0,,192633.85,0,N,1,377
286,LP001924,15626144,Chu,Manager,Graduate,No,675,1,France,Rural,No,Male,40,7,113208.86,Yes,2,Yes,No,0,3158,3053,89,34577.36,0,Y,1,546
287,LP001925,15573112,Kang,Manager,Graduate,Yes,602,1,Spain,Semiurban,No,Male,29,5,103907.28,Yes,Yes,Yes,No,0,2600,1717,99,161229.84,0,N,1,323
288,LP001926,15790678,Davidson,Manager,Graduate,No,475,1,France,Rural,Married,Female,32,8,119023.28,Yes,Yes,Yes,No,0,3704,2000,120,100816.29,0,Y,1,562
289,LP001931,15727556,O'Donnell,Manager,Graduate,No,744,1,Spain,Semiurban,No,Female,26,5,166297.89,Yes,Yes,Yes,Yes,0,4124,0,115,181694.44,0,Y,1,393
290,LP001935,15697307,Nnachetam,Manager,Graduate,No,588,1,Spain,Rural,No,Male,34,10,0,Yes,2,Yes,No,0,9508,0,187,79078.91,0,Y,1,337
291,LP001936,15652266,Chidiebele,Sr Manager,Graduate,No,703,1,Germany,Rural,Married,Male,42,9,63227,No,Yes,No,Yes,0,3075,2416,139,137316.32,0,Y,1,991
292,LP001938,15607098,Ahmed,Manager,Graduate,No,747,0,Spain,Semiurban,Married,Female,41,5,94521.17,Yes,2,Yes,No,2,4400,0,127,194926.86,0,N,1,254
293,LP001940,15655774,Booth,Executive,Graduate,No,583,1,France,Urban,Married,Male,27,7,0,Yes,2,Yes,No,2,3153,1560,134,51285.49,0,Y,1,225
294,LP001945,15590241,Chuang,AVP,Graduate,No,750,0,Spain,Urban,No,Female,34,9,112822.26,No,Yes,No,No,0,5417,0,143,150401.53,1,N,1,930
295,LP001947,15785819,Shao,Sr Manager,Graduate,No,681,1,France,Semiurban,Divorced,Male,38,3,0,Yes,2,Yes,Yes,0,2383,3334,172,112491.96,0,Y,1,514
296,LP001949,15723654,Tsao,Executive,Graduate,No,773,1,France,Urban,Divorced,Male,25,2,135903.33,Yes,Yes,Yes,No,3+,4416,1250,110,73656.38,0,Y,1,875
297,LP001953,15774510,Tien,AVP,Graduate,No,714,1,France,Semiurban,Divorced,Female,31,4,125169.26,Yes,Yes,Yes,Yes,1,6875,0,200,106636.89,0,Y,1,537
298,LP001954,15684173,Chang,Manager,Graduate,No,687,1,Spain,Urban,Divorced,Female,44,7,0,Yes,3,Yes,No,1,4666,0,135,155853.52,1,Y,1,903
299,LP001955,15650068,Johnson,Manager,Graduate,No,511,1,France,Rural,No,Male,58,0,149117.31,Yes,Yes,Yes,Yes,0,5000,2541,151,162599.51,0,N,1,944
300,LP001963,15811490,French,Manager,Graduate,No,627,1,France,Urban,Married,Male,33,5,0,Yes,2,Yes,Yes,1,2014,2925,113,103737.82,0,N,1,209
301,LP001964,15803976,Efremov,VP,Not Graduate,No,694,0,France,Urban,Divorced,Female,31,10,0,Yes,2,Yes,No,0,1800,2934,93,160990.27,0,N,1,731
302,LP001972,15682541,Hartley,Manager,Not Graduate,No,616,1,Spain,Semiurban,Married,Female,36,6,132311.71,No,Yes,No,No,0,2875,1750,105,15462.84,0,Y,1,239
303,LP001974,15695699,Calabrese,Executive,Graduate,No,687,1,France,Rural,No,Male,35,8,0,Yes,2,Yes,No,0,5000,0,132,10334.05,0,Y,1,714
304,LP001977,15624188,Chiu,Manager,Graduate,No,712,1,France,Urban,Divorced,Female,33,6,0,Yes,2,Yes,Yes,1,1625,1803,96,190686.16,0,Y,1,421
305,LP001978,15812191,Brennan,Executive,Graduate,No,553,1,France,Rural,No,Male,33,4,118082.89,No,Yes,No,No,0,4000,2500,140,94440.45,0,Y,1,638
306,LP001990,15636673,Onwuatuegwu,Executive,Not Graduate,No,667,1,France,Urban,No,Male,31,1,119266.69,Yes,Yes,Yes,Yes,0,2000,0,,28257.63,0,N,1,809
307,LP001993,15594898,Hewitt,Manager,Graduate,No,731,1,France,Rural,No,Male,43,2,0,Yes,Yes,Yes,Yes,0,3762,1666,135,170034.95,1,Y,1,216
308,LP001994,15660211,Shih,Manager,Graduate,No,629,0,Germany,Urban,No,Male,35,7,156847.29,Yes,2,Yes,No,0,2400,1863,104,31824.29,0,N,1,584
309,LP001996,15773972,Balashov,VP,Graduate,No,614,1,France,Rural,No,Male,50,4,137104.47,Yes,Yes,Yes,No,0,20233,0,480,127166.49,1,N,1,671
310,LP001998,15746726,Doyle,Executive,Not Graduate,No,438,1,Germany,Rural,Divorced,Male,31,8,78398.69,Yes,Yes,Yes,No,2,7667,0,185,44937.01,0,Y,1,545
311,LP002002,15712287,Pokrovskii,VP,Graduate,No,652,1,France,Semiurban,No,Female,80,4,0,Yes,2,Yes,Yes,0,2917,0,84,188603.07,0,Y,1,463
312,LP002004,15702919,Collins,Manager,Not Graduate,No,729,1,Germany,Semiurban,No,Male,30,6,63669.42,Yes,Yes,Yes,No,0,2927,2405,111,145111.37,0,Y,1,123
313,LP002006,15674398,Russo,Executive,Graduate,No,642,1,France,Rural,No,Male,38,3,0,No,2,No,No,0,2507,0,56,171463.83,0,Y,1,704
314,LP002008,15797960,Skinner,Manager,Graduate,Yes,806,1,Germany,Rural,Divorced,Female,59,0,135296.33,Yes,Yes,Yes,No,2,5746,0,144,182822.5,0,Y,1,375
315,LP002024,15631868,Robertson,Executive,Graduate,No,744,1,Spain,Rural,Married,Male,36,2,153804.44,Yes,Yes,Yes,Yes,0,2473,1843,159,87213.33,0,N,1,306
316,LP002031,15581539,Atkinson,VP,Not Graduate,No,474,1,Spain,Urban,Divorced,Male,37,3,0,No,2,No,No,1,3399,1640,111,57175.32,0,Y,1,419
317,LP002035,15662736,Doyle,Executive,Graduate,No,559,1,France,Semiurban,Divorced,Male,49,2,147069.78,Yes,Yes,Yes,No,2,3717,0,120,120540.83,1,Y,1,520
318,LP002036,15666252,Ritchie,Executive,Graduate,No,706,1,Spain,Urban,Married,Male,42,9,0,Yes,2,Yes,Yes,0,2058,2134,88,28714.34,0,Y,1,394
319,LP002043,15677512,McEncroe,Executive,Graduate,No,628,1,Spain,Semiurban,No,Female,22,3,0,Yes,Yes,Yes,No,1,3541,0,112,85426.28,0,Y,1,148
320,LP002050,15626114,Pearson,Manager,Graduate,Yes,429,1,France,Rural,Married,Male,24,4,95741.75,Yes,Yes,Yes,No,1,10000,0,155,46170.75,0,N,1,964
321,LP002051,15810834,Gordon,Executive,Graduate,No,525,1,Spain,Semiurban,Divorced,Female,57,2,145965.33,Yes,Yes,Yes,Yes,0,2400,2167,115,64448.36,0,Y,1,227
322,LP002053,15678910,Ts'ai,Executive,Graduate,No,680,1,France,Semiurban,Divorced,Female,30,8,141441.75,Yes,Yes,Yes,Yes,3+,4342,189,124,16278.97,0,Y,1,689
323,LP002054,15694408,Lung,Sr Manager,Not Graduate,No,749,1,France,Rural,Divorced,Male,40,1,139290.41,Yes,Yes,Yes,No,2,3601,1590,,182855.42,1,Y,1,605
324,LP002055,15585215,Yuan,Sr Manager,Graduate,No,763,1,France,Rural,No,Female,31,4,0,No,2,No,No,0,3166,2985,132,50404.72,0,Y,1,293
325,LP002065,15682757,Pardey,AVP,Graduate,No,734,1,France,Rural,Divorced,Male,30,3,0,Yes,2,Yes,No,3+,15000,0,300,107640.25,0,Y,1,735
326,LP002067,15736601,Tai,Manager,Graduate,Yes,716,0,France,Rural,Married,Male,35,4,144428.87,Yes,Yes,Yes,No,1,8666,4983,376,134132.65,0,N,1,194
327,LP002068,15601848,Scott,Manager,Graduate,No,594,0,France,Rural,No,Male,35,2,0,Yes,2,Yes,No,0,4917,0,130,103480.69,0,Y,1,419
328,LP002082,15736008,Hunter,Manager,Graduate,Yes,644,1,France,Semiurban,Divorced,Female,46,9,95441.27,Yes,Yes,Yes,No,0,5818,2160,184,108761.05,1,Y,1,868
329,LP002086,15669064,Mazzanti,Sr Manager,Graduate,No,671,1,Germany,Urban,Divorced,Male,35,1,144848.74,Yes,Yes,Yes,Yes,0,4333,2451,110,179012.3,0,N,1,182
330,LP002087,15624528,L?,AVP,Graduate,No,664,1,Germany,Urban,No,Male,26,7,116244.14,Yes,2,Yes,Yes,0,2500,0,67,95145.14,0,Y,1,695
331,LP002097,15598493,Beach,Executive,Graduate,No,656,1,France,Urban,No,Male,50,7,0,No,2,No,Yes,1,4384,1793,117,72143.44,0,Y,1,307
332,LP002098,15601274,Hsieh,Manager,Graduate,No,667,1,Spain,Semiurban,No,Female,40,1,146502.07,Yes,Yes,Yes,No,0,2935,0,98,19162.89,0,Y,1,556
333,LP002100,15702669,Faulkner,Sr Manager,Graduate,No,663,1,Germany,Urban,No,Male,44,2,117028.6,No,2,No,Yes,0,2833,0,71,144680.18,0,Y,1,333
334,LP002101,15728669,Knowles,Manager,Graduate,No,584,1,Germany,Urban,Divorced,Female,30,8,112013.81,Yes,Yes,Yes,No,0,63337,0,490,177772.03,1,Y,1,402
335,LP002103,15742668,Day,Manager,Graduate,Yes,626,1,Spain,Urban,Divorced,Female,37,6,108269.37,Yes,Yes,Yes,No,1,9833,1833,182,5597.94,0,Y,1,216
336,LP002106,15697441,Hsueh,Manager,Graduate,Yes,485,1,France,Semiurban,Divorced,Male,29,7,182123.79,Yes,Yes,Yes,No,0,5503,4490,70,116828.51,1,Y,1,827
337,LP002110,15740476,Tsao,Manager,Graduate,Yes,659,1,Germany,Rural,Divorced,Female,32,3,150923.74,No,2,No,Yes,1,5250,688,160,174652.51,0,Y,1,696
338,LP002112,15648064,Kennedy,Manager,Graduate,Yes,649,1,France,Rural,Married,Male,33,2,0,Yes,2,Yes,No,2,2500,4600,176,2010.98,0,Y,1,996
339,LP002113,15636624,Nwabugwu,Sr Manager,Not Graduate,No,805,0,Spain,Urban,No,Female,39,5,165272.13,Yes,Yes,Yes,No,3+,1830,0,,14109.85,1,N,1,313
340,LP002114,15807923,Young,Sr Manager,Graduate,No,716,1,Germany,Semiurban,No,Female,39,10,115301.31,Yes,Yes,Yes,No,0,4160,0,71,43527.4,1,Y,1,937
341,LP002115,15745844,Kerr,Sr Manager,Not Graduate,No,642,1,Germany,Rural,Divorced,Female,40,6,129502.49,No,2,No,Yes,3+,2647,1587,173,86099.23,1,N,1,256
342,LP002116,15786170,Tien,Executive,Graduate,No,659,1,France,Rural,No,Male,31,4,118342.26,No,Yes,No,No,0,2378,0,46,161574.19,0,N,1,764
343,LP002119,15681081,Marrero,Sr Manager,Not Graduate,No,545,1,Spain,Urban,Divorced,Female,47,5,0,Yes,2,Yes,Yes,1,4554,1229,158,38970.14,0,Y,1,922
344,LP002126,15684484,White,Sr Manager,Not Graduate,No,543,1,France,Semiurban,Divorced,Male,22,8,0,No,2,No,No,3+,3173,0,74,127587.22,0,Y,1,940
345,LP002128,15785869,Pisano,Executive,Graduate,No,718,1,France,Rural,Divorced,Female,25,7,0,Yes,2,Yes,No,2,2583,2330,125,30380.12,0,Y,1,113
346,LP002129,15763859,Brown,Executive,Graduate,No,840,1,France,Semiurban,Divorced,Female,43,7,0,Yes,2,Yes,No,0,2499,2458,160,90908.95,0,Y,1,955
347,LP002130,15658935,Freeman,Sr Manager,Not Graduate,No,630,0,Germany,Rural,Married,Female,34,9,106937.05,Yes,2,Yes,No,0,3523,3230,152,138275.01,0,N,1,138
348,LP002131,15747358,Russell,Sr Manager,Not Graduate,No,643,1,Germany,Urban,Divorced,Male,59,3,170331.37,Yes,Yes,Yes,Yes,2,3083,2168,126,32171.79,0,Y,1,927
349,LP002137,15735203,Seleznyov,Sr Manager,Graduate,No,654,1,Germany,Semiurban,Married,Female,32,1,114510.85,Yes,Yes,Yes,Yes,0,6333,4583,259,126143.23,0,Y,1,684
350,LP002138,15576256,Yusupova,Executive,Graduate,No,582,1,France,Rural,Married,Male,39,5,0,Yes,2,Yes,Yes,0,2625,6250,187,129892.93,0,Y,1,830
351,LP002139,15659420,Foley,Sr Manager,Graduate,No,659,1,Spain,Semiurban,Married,Male,32,3,107594.11,Yes,2,Yes,Yes,0,9083,0,228,102416.84,0,Y,1,739
352,LP002140,15593365,Shih,AVP,Graduate,No,762,1,Spain,Rural,No,Male,39,2,81273.13,Yes,Yes,Yes,Yes,0,8750,4167,308,18719.67,0,N,1,403
353,LP002141,15777352,Ikedinachukwu,Executive,Graduate,No,568,1,Spain,Rural,Married,Female,32,7,169399.6,Yes,Yes,Yes,No,3+,2666,2083,95,61936.22,0,Y,1,483
354,LP002142,15812007,Power,Manager,Graduate,Yes,670,0,Spain,Rural,Divorced,Male,25,6,0,Yes,2,Yes,Yes,0,5500,0,105,78358.94,0,N,1,434
355,LP002143,15625461,Amos,AVP,Graduate,No,613,1,France,Semiurban,Married,Female,45,1,187841.99,Yes,2,Yes,Yes,0,2423,505,130,147224.27,0,Y,1,503
356,LP002144,15739438,Reed,Executive,Graduate,No,539,1,France,Urban,No,Male,30,0,0,Yes,2,Yes,No,0,3813,0,116,160979.66,0,Y,1,406
357,LP002149,15611759,Simmons,Manager,Graduate,No,850,1,Spain,Rural,Divorced,Female,57,8,126776.3,Yes,2,Yes,Yes,2,8333,3167,165,132298.49,0,Y,1,980
358,LP002151,15661629,Ricci,Manager,Graduate,No,522,1,Spain,Urban,Divorced,Male,34,9,126436.29,Yes,Yes,Yes,No,1,3875,0,67,174248.52,1,N,1,457
359,LP002158,15633950,Yen,AVP,Not Graduate,No,737,0,France,Urban,Married,Male,41,1,101960.74,Yes,Yes,Yes,Yes,0,3000,1666,100,123547.28,0,N,1,685
360,LP002160,15592386,Campbell,Executive,Graduate,No,520,1,France,Semiurban,Divorced,Male,58,3,0,No,2,No,Yes,3+,5167,3167,200,32790.02,0,Y,1,648
361,LP002161,15803716,West,Manager,Graduate,No,706,1,Spain,Semiurban,No,Male,28,3,0,No,2,No,Yes,1,4723,0,81,181543.67,0,N,1,925
362,LP002170,15696674,Robinson,Manager,Graduate,No,643,1,Germany,Semiurban,Divorced,Female,45,2,150842.93,No,Yes,No,Yes,2,5000,3667,236,2319.96,1,Y,1,480
363,LP002175,15706365,Bianchi,Sr Manager,Graduate,No,648,1,France,Urban,Divorced,Female,50,9,102535.57,Yes,Yes,Yes,Yes,0,4750,2333,130,189543.19,0,Y,1,918
364,LP002178,15745088,Chen,Manager,Graduate,No,443,1,Germany,Urban,Divorced,Female,29,9,99027.61,Yes,2,Yes,No,0,3013,3033,95,10940.4,0,Y,1,603
365,LP002180,15676715,Madukaego,Manager,Graduate,Yes,640,1,France,Rural,No,Male,68,9,0,Yes,2,Yes,Yes,0,6822,0,141,199493.38,0,Y,1,280
366,LP002181,15613085,Ibrahimova,VP,Not Graduate,No,628,1,Spain,Rural,No,Female,33,3,0,Yes,Yes,Yes,Yes,0,6216,0,133,188193.25,0,N,1,898
367,LP002187,15633537,Nolan,Manager,Graduate,No,540,1,Germany,Semiurban,No,Female,42,9,87271.41,Yes,2,Yes,No,0,2500,0,96,172572.64,0,N,1,655
368,LP002188,15594720,Scott,Executive,Graduate,No,460,0,Germany,Rural,No,Female,35,8,102742.91,Yes,2,Yes,Yes,0,5124,0,124,189339.6,0,N,1,325
369,LP002190,15684042,Blair,Executive,Graduate,No,636,1,Germany,Semiurban,Divorced,Male,34,2,40105.51,No,2,No,Yes,1,6325,0,175,53512.16,0,Y,1,952
370,LP002191,15583303,Monaldo,Manager,Graduate,No,593,1,France,Rural,Divorced,Female,29,2,152265.43,Yes,Yes,Yes,No,0,19730,5266,570,34004.44,0,N,1,543
371,LP002194,15611579,Sutherland,Manager,Graduate,Yes,801,1,Spain,Semiurban,No,Male,42,4,141947.67,Yes,Yes,Yes,Yes,0,15759,0,55,10598.29,0,Y,1,967
372,LP002197,15774696,Cole,AVP,Graduate,No,640,1,Germany,Semiurban,Divorced,Female,75,1,106307.91,No,2,No,Yes,2,5185,0,155,113428.77,0,Y,1,271
373,LP002201,15694506,Briggs,Manager,Graduate,Yes,611,1,Germany,Rural,Divorced,Male,31,0,107884.81,Yes,2,Yes,Yes,2,9323,7873,380,183487.98,0,Y,1,830
374,LP002205,15688074,Gregory,Executive,Graduate,No,802,0,Germany,Urban,No,Male,31,1,125013.72,Yes,Yes,Yes,Yes,1,3062,1987,111,187658.09,0,N,1,183
375,LP002209,15759537,Bianchi,Executive,Graduate,No,717,1,Germany,Urban,No,Male,35,7,58469.37,Yes,2,Yes,Yes,0,2764,1459,110,172459.39,0,Y,1,911
376,LP002211,15758449,Angelo,Executive,Graduate,No,769,1,France,Urban,Married,Female,39,8,0,No,Yes,No,Yes,0,4817,923,120,21016,0,Y,1,560
377,LP002219,15583456,Gardiner,Sr Manager,Graduate,No,745,1,Germany,Rural,Divorced,Male,45,10,117231.63,Yes,3,Yes,Yes,3+,8750,4996,130,122381.02,1,Y,1,431
378,LP002223,15667871,Kerr,Manager,Graduate,No,572,1,Spain,Semiurban,Divorced,Male,35,4,152390.26,Yes,Yes,Yes,No,0,4310,0,130,128123.66,0,Y,1,736
379,LP002224,15677371,Ko,Manager,Graduate,No,629,1,Spain,Urban,No,Female,30,2,34013.63,Yes,Yes,Yes,No,0,3069,0,71,19570.63,0,N,1,977
380,LP002225,15629677,Distefano,Manager,Graduate,No,687,1,Spain,Urban,Married,Female,39,2,0,No,3,No,No,2,5391,0,130,188150.6,1,Y,1,622
381,LP002226,15713578,Farrell,Manager,Graduate,No,483,1,France,Semiurban,Divorced,Female,50,9,0,Yes,2,Yes,Yes,0,3333,2500,128,111020.24,0,Y,1,466
382,LP002229,15591509,Milano,Executive,Graduate,No,690,1,France,Semiurban,No,Male,36,7,101583.11,Yes,2,Yes,No,0,5941,4232,296,123775.15,0,Y,1,867
383,LP002231,15568240,Ting,Sr Manager,Graduate,No,492,1,Germany,Urban,No,Female,30,10,77168.87,No,2,No,Yes,0,6000,0,156,146700.22,0,Y,1,807
384,LP002234,15622993,Boyd,Manager,Graduate,Yes,709,1,Germany,Urban,No,Male,28,8,124695.72,Yes,2,Yes,No,0,7167,0,128,145251.35,0,Y,1,421
385,LP002236,15689294,Onyemaechi,Manager,Graduate,No,705,1,Germany,Urban,Divorced,Male,44,3,105934.96,Yes,Yes,Yes,No,2,4566,0,100,82463.69,0,N,1,919
386,LP002237,15720910,Black,Sr Manager,Graduate,No,560,1,France,Urban,No,Female,66,9,0,Yes,Yes,Yes,Yes,1,3667,0,113,15928.49,0,Y,1,780
387,LP002239,15721181,Oliver,Executive,Not Graduate,No,611,1,Spain,Semiurban,No,Male,46,6,0,Yes,2,Yes,No,0,2346,1600,132,45886.33,0,Y,1,727
388,LP002243,15776433,Greco,Executive,Not Graduate,No,730,0,Spain,Urban,Divorced,Male,62,2,0,Yes,2,Yes,Yes,0,3010,3136,,186489.95,0,N,1,638
389,LP002244,15748936,Whitehead,Sr Manager,Graduate,No,709,1,Spain,Urban,Married,Female,45,2,0,No,2,No,Yes,0,2333,2417,136,162922.65,0,Y,1,805
390,LP002250,15717225,Ikemefuna,Sr Manager,Graduate,No,544,1,France,Rural,Married,Female,21,10,161525.96,Yes,2,Yes,No,0,5488,0,125,9262.77,0,Y,1,638
391,LP002255,15685226,Morrison,Manager,Graduate,No,712,1,Germany,Rural,No,Female,29,7,147199.07,Yes,Yes,Yes,Yes,3+,9167,0,185,84932.4,0,Y,1,625
392,LP002262,15785611,Onyeoruru,AVP,Graduate,No,752,1,Germany,Rural,Married,Male,38,3,183102.29,Yes,Yes,Yes,Yes,3+,9504,0,275,71557.12,0,Y,1,361
393,LP002263,15573456,Cunningham,Sr Manager,Graduate,No,648,1,Spain,Urban,Married,Male,46,9,127209,Yes,2,Yes,No,0,2583,2115,120,77405.95,1,Y,1,148
394,LP002265,15684548,Demidov,Manager,Not Graduate,No,556,1,Spain,Semiurban,Divorced,Male,38,8,0,No,2,No,No,2,1993,1625,113,417.41,1,Y,1,628
395,LP002266,15620505,Celis,Manager,Graduate,No,594,1,Spain,Urban,Divorced,Female,24,0,97378.54,Yes,Yes,Yes,Yes,2,3100,1400,113,71405.17,0,Y,1,680
396,LP002272,15807432,Cheng,Executive,Graduate,No,645,1,Germany,Semiurban,Divorced,Female,37,2,136925.09,No,2,No,Yes,2,3276,484,135,153400.24,0,Y,1,970
397,LP002277,15584766,Knight,Sr Manager,Graduate,No,557,0,France,Urban,No,Male,33,3,54503.55,Yes,Yes,Yes,Yes,0,3180,0,71,371.05,0,N,1,270
398,LP002281,15612187,Morin,Manager,Graduate,No,547,1,Germany,Urban,Divorced,Male,32,8,155726.85,Yes,Yes,Yes,No,0,3033,1459,95,67789.99,0,Y,1,158
399,LP002284,15762218,Mills,Manager,Not Graduate,No,701,1,France,Rural,No,Female,39,9,0,No,2,No,Yes,0,3902,1666,109,145894.9,0,Y,1,149
400,LP002287,15646372,Outhwaite,Manager,Graduate,No,616,0,France,Semiurban,No,Female,66,1,135842.41,Yes,Yes,Yes,No,0,1500,1800,103,183840.51,1,N,1,446
401,LP002288,15690452,Tung,Manager,Not Graduate,No,605,0,France,Urban,Divorced,Male,52,1,63349.75,Yes,Yes,Yes,No,2,2889,0,45,108887.44,0,N,1,850
402,LP002296,15747795,Pai,Manager,Not Graduate,No,593,1,Germany,Rural,No,Female,38,4,129499.42,Yes,Yes,Yes,Yes,0,2755,0,65,154071.27,0,N,1,435
403,LP002297,15781589,Carpenter,Executive,Graduate,No,751,1,Spain,Semiurban,No,Male,52,8,0,No,2,No,Yes,0,2500,20000,103,179291.85,0,Y,1,819
404,LP002300,15732674,Fennell,Executive,Not Graduate,No,443,1,Spain,Semiurban,No,Male,36,6,70438.01,No,2,No,Yes,0,1963,0,53,56937.43,0,Y,1,576
405,LP002301,15642291,Fontaine,Manager,Graduate,Yes,685,1,France,Rural,No,Male,23,8,0,Yes,2,Yes,Yes,0,7441,0,194,112239.03,0,N,1,631
406,LP002305,15692761,Pratt,Executive,Graduate,No,718,1,France,Semiurban,No,Male,36,9,0,Yes,Yes,Yes,No,0,4547,0,115,45909.87,0,Y,1,521
407,LP002308,15578045,Mitchell,VP,Not Graduate,No,538,1,Spain,Urban,Married,Female,49,9,141434.04,No,Yes,No,No,0,2167,2400,115,173779.25,1,Y,1,993
408,LP002314,15745354,Franklin,Manager,Not Graduate,No,611,1,Spain,Rural,No,Female,37,4,0,Yes,2,Yes,No,0,2213,0,66,125696.26,0,Y,1,631
409,LP002315,15701376,K'ung,Executive,Graduate,No,668,0,Germany,Semiurban,Divorced,Male,37,10,152958.29,Yes,2,Yes,Yes,1,8300,0,152,159585.61,0,N,1,274
410,LP002317,15691625,Ko,Manager,Graduate,No,537,0,Germany,Rural,Divorced,Female,41,3,138306.34,Yes,Yes,Yes,No,3+,81000,0,360,106761.47,0,N,1,638
411,LP002318,15566594,McKenzie,Manager,Not Graduate,Yes,709,1,Spain,Semiurban,No,Male,23,10,0,No,2,No,No,1,3867,0,62,129590.18,0,N,1,356
412,LP002319,15760431,Pino,Executive,Graduate,Yes,850,1,France,Urban,Married,Male,38,1,0,Yes,2,Yes,Yes,0,6256,0,160,80006.65,0,Y,1,268
413,LP002328,15686302,Fisk,VP,Not Graduate,No,745,0,Spain,Rural,Divorced,Female,31,3,124328.84,Yes,Yes,Yes,Yes,0,6096,0,218,140451.52,0,N,1,171
414,LP002332,15801559,Chiang,Executive,Not Graduate,No,693,1,Germany,Rural,Divorced,Female,41,9,181461.48,Yes,3,Yes,Yes,0,2253,2033,110,187929.43,1,Y,1,176
415,LP002335,15810432,Moseley,Executive,Not Graduate,No,795,0,Spain,Semiurban,Married,Male,35,8,0,Yes,2,Yes,No,0,2149,3237,178,167155.36,0,N,1,549
416,LP002337,15809616,Hsiung,Executive,Graduate,No,626,1,Spain,Urban,No,Male,26,8,0,No,2,No,No,0,2995,0,60,191420.71,0,Y,1,658
417,LP002341,15720559,Heath,AVP,Graduate,No,487,1,Germany,Urban,No,Female,61,5,110368.03,No,Yes,No,No,1,2600,0,160,11384.45,1,N,1,512
418,LP002342,15695632,Dellucci,Manager,Graduate,Yes,556,1,France,Urban,Divorced,Female,39,9,89588.35,Yes,Yes,Yes,Yes,2,1600,20000,239,94898.1,0,N,1,427
419,LP002345,15659843,Li,Executive,Graduate,No,643,1,France,Rural,Divorced,Female,46,6,0,No,2,No,No,0,1025,2773,112,106781.59,0,Y,1,490
420,LP002347,15615624,De Salis,Manager,Graduate,No,605,1,France,Semiurban,Divorced,Female,28,6,0,No,2,No,No,0,3246,1417,138,159508.52,0,Y,1,851
421,LP002348,15810418,T'ang,Manager,Graduate,No,756,1,Germany,Rural,Divorced,Female,60,3,115924.89,Yes,Yes,Yes,No,0,5829,0,138,93524.19,1,Y,1,671
422,LP002357,15716186,Richardson,Executive,Not Graduate,No,586,0,France,Urban,No,Female,38,2,0,Yes,2,Yes,No,0,2720,0,80,87168.46,0,N,1,309
423,LP002361,15674551,Fitch,Manager,Graduate,No,535,1,Germany,Urban,Married,Male,40,7,111756.5,Yes,Yes,Yes,No,0,1820,1719,100,8128.32,1,Y,1,302
424,LP002362,15622834,Stevenson,Executive,Graduate,No,678,0,France,Urban,Divorced,Female,35,4,0,Yes,Yes,Yes,No,1,7250,1667,110,125518.32,0,N,1,551
425,LP002364,15566111,Estes,Manager,Graduate,No,596,1,France,Semiurban,Married,Male,39,9,0,Yes,Yes,Yes,No,0,14880,0,96,48963.59,0,Y,1,186
426,LP002366,15784597,Lattimore,Executive,Graduate,No,648,1,France,Rural,Divorced,Male,26,9,162923.85,Yes,Yes,Yes,No,0,2666,4300,121,98368.24,0,Y,1,615
427,LP002367,15652883,Chung,Executive,Not Graduate,No,492,1,Germany,Rural,No,Male,39,10,124576.65,Yes,2,Yes,No,1,4606,0,81,148584.61,0,N,1,247
428,LP002368,15806964,Utz,Manager,Graduate,No,702,1,France,Semiurban,Married,Male,45,0,80793.58,Yes,Yes,Yes,Yes,2,5935,0,133,27474.81,0,Y,1,945
429,LP002369,15576313,Wei,AVP,Graduate,No,486,1,Germany,Rural,Divorced,Female,40,9,71340.09,Yes,Yes,Yes,No,0,2920,16.12000084,87,76192.21,0,Y,1,366
430,LP002370,15806467,Boyle,Manager,Not Graduate,No,568,1,Germany,Urban,No,Male,40,1,99282.63,No,Yes,No,No,0,2717,0,60,134600.94,1,Y,1,123
431,LP002377,15597602,Nwachinemelu,Manager,Graduate,Yes,619,1,Germany,Semiurban,No,Male,57,3,137946.39,Yes,Yes,Yes,Yes,1,8624,0,150,72467.99,1,Y,1,958
432,LP002379,15743040,Kuznetsova,Manager,Graduate,No,724,0,Germany,Rural,No,Male,41,2,127892.57,No,2,No,Yes,0,6500,0,105,199645.45,0,N,1,782
433,LP002386,15705521,Pisani,Manager,Graduate,No,548,1,Germany,Semiurban,No,Female,33,0,101084.36,Yes,Yes,Yes,No,0,12876,0,405,42749.85,0,Y,1,259
434,LP002387,15595039,Manna,Executive,Graduate,No,545,1,Germany,Semiurban,Divorced,Female,37,8,114754.08,Yes,Yes,Yes,No,0,2425,2340,143,136050.44,1,Y,1,298
435,LP002390,15799384,Collier,Sr Manager,Graduate,No,683,1,France,Urban,No,Male,33,8,0,No,Yes,No,No,0,3750,0,100,73564.44,0,Y,1,530
436,LP002393,15581197,Ricci,Executive,Graduate,No,762,1,France,Semiurban,No,Female,51,3,99286.98,No,Yes,No,Yes,0,10047,0,,85578.63,0,Y,1,664
437,LP002398,15693737,Carr,Manager,Graduate,No,627,1,Germany,Semiurban,No,Female,30,4,79871.02,Yes,2,Yes,No,0,1926,1851,50,129826.89,0,Y,1,767
438,LP002401,15624623,Hs?,Manager,Graduate,No,516,1,France,Urban,Married,Male,35,10,104088.59,No,2,No,No,0,2213,1125,,119666,0,Y,1,324
439,LP002403,15783501,Findlay,Manager,Graduate,Yes,800,0,France,Urban,No,Female,38,2,168190.33,Yes,2,Yes,No,0,10416,0,187,68052.08,0,N,1,200
440,LP002407,15690134,Hughes,Manager,Not Graduate,Yes,464,1,Germany,Rural,Divorced,Female,42,3,85679.25,Yes,Yes,Yes,Yes,0,7142,0,138,164104.74,0,Y,1,149
441,LP002408,15782735,Chukwuemeka,Executive,Graduate,No,626,1,France,Semiurban,No,Female,35,3,0,No,Yes,No,No,0,3660,5064,187,80190.36,0,Y,1,978
442,LP002409,15611088,Genovese,Manager,Graduate,No,790,1,France,Rural,Divorced,Female,31,9,0,Yes,2,Yes,No,0,7901,1833,180,84126.75,0,Y,1,868
443,LP002418,15672145,Swift,Sr Manager,Not Graduate,No,534,1,France,Semiurban,No,Female,34,7,121551.58,Yes,2,Yes,Yes,3+,4707,1993,148,70179,0,Y,1,482
444,LP002422,15732628,Ugoji,Executive,Graduate,No,745,1,France,Semiurban,No,Male,46,2,122220.19,Yes,Yes,Yes,Yes,1,37719,0,152,118024.1,0,Y,1,754
445,LP002424,15787470,Parkinson,Executive,Graduate,No,553,1,Spain,Rural,Divorced,Male,47,3,116528.15,No,Yes,No,No,0,7333,8333,175,145704.19,1,Y,1,259
446,LP002429,15803406,Ross,Manager,Graduate,Yes,748,1,France,Rural,Divorced,Female,26,1,77780.29,No,Yes,No,Yes,1,3466,1210,130,183049.41,0,Y,1,323
447,LP002434,15730460,Oleary,Executive,Not Graduate,No,722,1,France,Rural,Married,Male,37,2,0,No,Yes,No,No,2,4652,0,110,120906.83,0,Y,1,493
448,LP002435,15644572,Turnbull,VP,Graduate,No,501,1,France,Rural,Divorced,Male,40,4,125832.2,Yes,Yes,Yes,Yes,0,3539,1376,55,100433.83,0,N,1,933
449,LP002443,15694860,Uspensky,Executive,Graduate,No,675,0,France,Rural,Divorced,Female,38,6,68065.8,No,Yes,No,No,2,3340,1710,150,138777,1,N,1,124
450,LP002444,15658169,Cook,Manager,Not Graduate,Yes,778,0,Spain,Semiurban,No,Female,47,6,127299.34,Yes,2,Yes,No,1,2769,1542,190,124694.99,0,N,1,521
451,LP002446,15794396,Newbold,Manager,Not Graduate,No,494,0,Germany,Rural,Married,Female,38,7,174937.64,Yes,Yes,Yes,No,2,2309,1255,125,40084.32,0,N,1,668
452,LP002447,15785798,Uchechukwu,Manager,Not Graduate,No,850,0,France,Urban,Divorced,Male,40,9,0,No,2,No,Yes,2,1958,1456,60,119232.33,0,Y,1,437
453,LP002448,15710825,Ch'en,Executive,Graduate,No,592,0,Spain,Rural,Married,Male,31,7,110071.1,No,Yes,No,No,0,3948,1733,149,43921.36,0,N,1,599
454,LP002449,15668444,He,Manager,Graduate,No,590,0,Spain,Rural,Divorced,Female,44,3,139432.37,Yes,Yes,Yes,No,0,2483,2466,90,62222.81,0,Y,1,521
455,LP002453,15726631,Hilton,Manager,Graduate,Yes,758,1,France,Semiurban,No,Female,39,6,127357.76,No,Yes,No,Yes,0,7085,0,84,56577,0,Y,1,764
456,LP002455,15733797,Sal,Executive,Graduate,No,506,1,France,Semiurban,Married,Male,36,5,0,Yes,2,Yes,No,2,3859,0,96,164253.35,0,Y,1,488
457,LP002459,15747960,Eluemuno,Manager,Graduate,No,733,1,France,Urban,Divorced,Male,33,3,0,Yes,Yes,Yes,Yes,0,4301,0,118,7666.73,0,Y,1,507
458,LP002467,15634632,Titus,Executive,Graduate,No,711,1,France,Urban,Married,Male,38,3,0,Yes,2,Yes,No,0,3708,2569,173,68487.51,0,N,1,517
459,LP002472,15707362,Yin,Executive,Graduate,No,514,1,Germany,Rural,No,Male,43,1,95556.31,No,Yes,No,Yes,2,4354,0,136,199273.98,1,Y,1,693
460,LP002473,15662976,Lettiere,Sr Manager,Graduate,No,637,1,Spain,Semiurban,Divorced,Male,37,8,0,Yes,Yes,Yes,Yes,0,8334,0,160,186062.36,0,N,1,122
461,LP002478,15732778,Templeman,Manager,Graduate,Yes,468,1,Germany,Semiurban,Divorced,Male,29,1,111681.98,Yes,2,Yes,Yes,0,2083,4083,160,195711.16,0,Y,1,745
462,LP002484,15718443,Chibuzo,Manager,Graduate,No,539,1,France,Urban,Married,Male,39,3,0,Yes,2,Yes,No,3+,7740,0,128,36692.17,0,Y,1,406
463,LP002487,15670039,Sun,Manager,Graduate,No,509,1,Spain,Rural,Divorced,Female,25,3,108738.71,Yes,2,Yes,No,0,3015,2188,153,106920.57,0,Y,1,666
464,LP002489,15773792,Evans,Sr Manager,Not Graduate,No,662,1,France,Semiurban,No,Female,32,4,133950.37,Yes,Yes,Yes,Yes,1,5191,0,132,48725.68,1,Y,1,826
465,LP002493,15613786,Ogbonnaya,Executive,Graduate,No,818,0,Spain,Semiurban,No,Male,26,4,0,Yes,2,Yes,Yes,0,4166,0,98,167036.94,0,N,1,197
466,LP002494,15726032,Enyinnaya,VP,Graduate,No,608,1,France,Rural,No,Male,33,9,89968.69,Yes,Yes,Yes,No,0,6000,0,140,68777.26,0,Y,1,351
467,LP002500,15663252,Olisanugo,Sr Manager,Not Graduate,No,850,0,Spain,Urban,Divorced,Female,32,9,0,Yes,2,Yes,Yes,3+,2947,1664,70,18924.92,0,N,1,647
468,LP002501,15593782,Brookes,Manager,Graduate,No,816,1,Germany,Semiurban,Divorced,Female,38,5,130878.75,Yes,3,Yes,No,0,16692,0,110,71905.77,1,Y,1,811
469,LP002502,15633283,Padovano,Executive,Not Graduate,No,536,1,France,Semiurban,Divorced,Male,35,8,0,Yes,2,Yes,No,2,210,2917,98,64833.28,0,Y,1,432
470,LP002505,15749167,Fisk,Executive,Graduate,No,753,1,France,Urban,Divorced,Male,35,3,0,Yes,2,Yes,Yes,0,4333,2451,110,184843.77,0,N,1,915
471,LP002515,15759298,Shih,Manager,Graduate,Yes,631,1,Spain,Semiurban,Divorced,Male,27,10,134169.62,Yes,Yes,Yes,Yes,1,3450,2079,162,176730.02,0,Y,1,644
472,LP002517,15683625,Hare,Executive,Not Graduate,No,703,0,France,Rural,Married,Male,37,1,149762.08,Yes,Yes,Yes,No,1,2653,1500,113,20629.4,1,N,1,764
473,LP002519,15635367,Muir,Executive,Graduate,No,774,1,France,Semiurban,Married,Male,26,2,93844.69,Yes,Yes,Yes,No,3+,4691,0,100,28415.36,0,Y,1,526
474,LP002522,15681705,Fanucci,Manager,Graduate,Yes,785,1,France,Urban,No,Male,28,8,0,Yes,2,Yes,No,0,2500,0,93,77231.27,0,Y,1,842
475,LP002524,15603156,Elewechi,Sr Manager,Graduate,No,571,1,France,Rural,No,Female,33,1,0,Yes,2,Yes,No,2,5532,4648,162,102750.7,0,Y,1,252
476,LP002527,15591986,Johnston,Manager,Graduate,Yes,621,1,Germany,Rural,Married,Male,46,6,141078.37,No,Yes,No,No,2,16525,1014,150,34580.8,1,Y,1,636
477,LP002529,15798888,Pisano,Manager,Graduate,No,605,1,Germany,Semiurban,Married,Female,31,1,117992.59,Yes,Yes,Yes,Yes,2,6700,1750,230,183598.77,0,Y,1,545
478,LP002530,15809722,Ankudinov,Executive,Graduate,No,611,0,France,Semiurban,Married,Female,40,8,100812.33,Yes,2,Yes,No,2,2873,1872,132,147358.27,0,N,1,312
479,LP002531,15677538,Nwokike,Manager,Graduate,Yes,569,1,France,Semiurban,Married,Male,38,7,0,Yes,Yes,Yes,Yes,1,16667,2250,86,108469.2,0,Y,1,342
480,LP002533,15797736,Smith,Manager,Graduate,No,658,1,France,Urban,Divorced,Male,29,4,80262.6,Yes,Yes,Yes,Yes,2,2947,1603,,20612.82,0,N,1,135
481,LP002534,15695585,Atkins,Manager,Not Graduate,No,788,1,Spain,Rural,No,Male,34,6,156478.62,No,Yes,No,Yes,0,4350,0,154,181196.76,0,Y,1,644
482,LP002536,15744398,Burns,Executive,Not Graduate,No,525,1,France,Rural,Divorced,Female,23,5,0,Yes,2,Yes,No,3+,3095,0,113,160249.1,0,Y,1,586
483,LP002537,15750658,Obiuto,Executive,Graduate,No,798,1,France,Semiurban,Married,Male,37,8,0,No,3,No,No,0,2083,3150,128,110783.28,0,Y,1,462
484,LP002541,15578186,Pirozzi,Sr Manager,Graduate,No,486,1,Germany,Semiurban,Married,Male,37,9,115217.99,Yes,2,Yes,No,0,10833,0,234,144995.33,0,Y,1,404
485,LP002543,15676519,George,Manager,Graduate,No,615,1,Spain,Semiurban,Divorced,Male,61,9,0,Yes,2,Yes,No,2,8333,0,246,150227.85,1,Y,1,605
486,LP002544,15637954,Lewis,Manager,Not Graduate,No,730,1,France,Rural,Divorced,Female,35,0,155470.55,Yes,Yes,Yes,Yes,1,1958,2436,131,53718.28,0,Y,1,450
487,LP002545,15758639,Moran,Executive,Graduate,No,641,0,France,Rural,No,Male,37,7,0,Yes,2,Yes,No,2,3547,0,80,75248.3,0,N,1,901
488,LP002547,15613772,Dalrymple,Manager,Graduate,No,542,1,France,Urban,Divorced,Male,39,3,135096.77,Yes,Yes,Yes,Yes,1,18333,0,500,14353.43,1,N,1,303
489,LP002555,15731744,Carslaw,Manager,Graduate,Yes,692,1,France,Semiurban,Divorced,Male,30,2,0,No,2,No,Yes,2,4583,2083,160,130486.57,0,Y,1,723
490,LP002556,15807709,Kirby,Executive,Graduate,No,714,1,Germany,Urban,No,Female,55,9,180075.22,Yes,Yes,Yes,Yes,0,2435,0,75,100127.71,0,N,1,371
491,LP002560,15714689,Houghton,Executive,Not Graduate,No,591,1,Spain,Semiurban,No,Male,29,1,97541.24,Yes,Yes,Yes,Yes,0,2699,2785,96,196356.17,0,Y,1,732
492,LP002562,15699005,Martin,Manager,Not Graduate,No,710,1,France,Urban,Married,Female,41,2,156067.05,Yes,Yes,Yes,Yes,1,5333,1131,186,9983.88,0,Y,1,256
493,LP002571,15624170,Tan,Executive,Not Graduate,No,639,1,France,Rural,No,Female,38,4,81550.94,No,2,No,Yes,0,3691,0,110,118974.77,0,Y,1,375
494,LP002582,15725679,Hsia,Manager,Not Graduate,Yes,531,1,France,Semiurban,No,Female,47,6,0,No,Yes,No,No,0,17263,0,225,194998.34,1,Y,1,602
495,LP002585,15585865,Westerberg,Sr Manager,Graduate,No,673,0,France,Rural,Divorced,Female,38,2,170061.92,No,2,No,No,0,3597,2157,119,134901.34,1,N,1,830
496,LP002586,15804256,Hale,Sr Manager,Graduate,No,765,1,Germany,Semiurban,Divorced,Male,36,8,92310.54,Yes,2,Yes,Yes,1,3326,913,105,72924.56,0,Y,1,647
497,LP002587,15662403,Kryukova,Manager,Not Graduate,No,622,1,France,Rural,Divorced,Female,32,6,169089.38,Yes,2,Yes,No,0,2600,1700,107,101057.95,0,Y,1,489
498,LP002588,15733616,Sopuluchukwu,Sr Manager,Graduate,No,806,1,France,Urban,Divorced,Male,40,5,80613.93,Yes,Yes,Yes,Yes,0,4625,2857,111,142838.64,0,Y,1,555
499,LP002600,15591995,Barry,Manager,Graduate,Yes,757,1,Germany,Semiurban,Divorced,Male,26,8,121581.56,Yes,2,Yes,Yes,1,2895,0,95,127059.04,0,Y,1,261
500,LP002602,15677020,Selezneva,Manager,Graduate,No,570,0,France,Rural,No,Female,58,8,0,No,Yes,No,Yes,0,6283,4416,209,116503.92,1,N,1,405
501,LP002603,15727688,Chizuoke,Executive,Graduate,No,555,1,Spain,Rural,No,Male,32,4,0,Yes,2,Yes,Yes,0,645,3683,113,54405.79,0,Y,1,198
502,LP002606,15715941,Lueck,Executive,Graduate,No,692,1,France,Semiurban,No,Male,54,5,0,Yes,2,Yes,Yes,0,3159,0,100,88721.84,0,Y,1,450
503,LP002615,15714485,Udinese,VP,Graduate,No,774,1,France,Semiurban,Divorced,Male,60,5,85891.55,Yes,Yes,Yes,No,2,4865,5624,208,74135.48,1,Y,1,393
504,LP002618,15730059,Udobata,Manager,Not Graduate,No,638,1,Spain,Rural,Divorced,Male,44,9,77637.35,Yes,2,Yes,Yes,1,4050,5302,138,111346.22,0,N,1,332
505,LP002619,15715527,Freeman,Sr Manager,Not Graduate,No,543,1,Spain,Semiurban,Divorced,Female,41,4,0,No,Yes,No,No,0,3814,1483,124,194902.16,0,Y,1,886
506,LP002622,15576623,Outlaw,VP,Graduate,No,584,1,France,Rural,Married,Male,31,5,0,Yes,2,Yes,No,2,3510,4416,243,31474.27,0,Y,1,240
507,LP002624,15805565,Obiuto,Executive,Graduate,No,691,1,Germany,Urban,Married,Male,30,7,116927.89,Yes,Yes,Yes,No,0,20833,6667,480,21198.39,0,Y,1,558
508,LP002625,15677307,Lo,Executive,Graduate,No,684,1,Germany,Urban,No,Female,40,6,137326.65,Yes,Yes,Yes,No,0,3583,0,96,186976.6,0,N,1,830
509,LP002626,15773890,Okechukwu,Manager,Graduate,Yes,733,1,France,Urban,Married,Male,22,5,0,Yes,2,Yes,Yes,0,2479,3013,188,117202.19,0,Y,1,950
510,LP002634,15598883,King,Sr Manager,Graduate,No,599,1,Spain,Urban,No,Female,37,2,0,Yes,2,Yes,Yes,1,13262,0,40,143739.29,0,Y,1,814
511,LP002637,15568506,Forbes,Executive,Not Graduate,No,524,1,Germany,Rural,No,Female,31,10,67238.98,Yes,2,Yes,Yes,0,3598,1287,100,161811.23,0,N,1,587
512,LP002640,15761043,Macleod,Sr Manager,Graduate,No,632,1,Germany,Semiurban,Divorced,Female,38,6,86569.76,Yes,2,Yes,No,1,6065,2004,250,98090.91,0,Y,1,148
513,LP002643,15782236,Gibbs,Sr Manager,Graduate,No,735,1,Spain,Urban,Divorced,Male,34,5,0,No,2,No,No,2,3283,2035,148,71095.41,0,Y,1,252
514,LP002648,15593601,Isayev,Executive,Graduate,No,734,1,France,Semiurban,Married,Male,34,6,133598.4,Yes,Yes,Yes,Yes,0,2130,6666,70,13107.24,0,N,1,425
515,LP002652,15682048,Pisano,Executive,Graduate,No,605,1,France,Rural,No,Female,51,3,136188.78,Yes,Yes,Yes,Yes,0,5815,3666,311,67110.59,1,N,1,563
516,LP002659,15746902,Belstead,AVP,Graduate,No,793,1,Spain,Rural,Married,Male,38,9,0,Yes,2,Yes,No,3+,3466,3428,150,88225.02,0,Y,1,471
517,LP002670,15752081,Vassiliev,Manager,Graduate,No,468,1,France,Semiurban,Divorced,Female,56,10,0,No,3,No,Yes,2,2031,1632,113,62256.87,1,Y,1,329
518,LP002682,15781307,Schneider,Executive,Not Graduate,No,779,0,Germany,Semiurban,Married,Male,37,7,120092.52,Yes,2,Yes,No,0,3074,1800,123,135925.72,0,N,1,790
519,LP002683,15775912,Mazzanti,Executive,Graduate,No,698,1,France,Semiurban,No,Male,48,4,101238.24,No,2,No,Yes,0,4683,1915,185,177815.87,1,N,1,167
520,LP002684,15745417,Knipe,Executive,Not Graduate,No,707,1,France,Rural,No,Male,58,6,89685.92,No,Yes,No,Yes,0,3400,0,95,126471.13,0,N,1,741
521,LP002689,15671256,Macartney,Executive,Not Graduate,No,850,1,France,Semiurban,Married,Female,35,1,211774.31,Yes,Yes,Yes,No,2,2192,1742,45,188574.12,1,Y,1,738
522,LP002690,15653547,Madukwe,Executive,Graduate,No,850,1,France,Semiurban,No,Male,56,7,131317.48,Yes,Yes,Yes,Yes,0,2500,0,55,119175.45,0,Y,1,888
523,LP002692,15595766,Watts,Manager,Graduate,Yes,527,1,Spain,Rural,Divorced,Male,37,5,93722.73,Yes,2,Yes,Yes,3+,5677,1424,100,139093.73,0,Y,1,367
524,LP002693,15742358,Humphreys,Manager,Graduate,Yes,696,1,Germany,Rural,Divorced,Male,32,8,101160.99,Yes,Yes,Yes,Yes,2,7948,7166,480,115916.55,0,Y,1,647
525,LP002697,15763274,Wu,Manager,Graduate,No,661,1,France,Semiurban,No,Male,48,3,120320.54,No,Yes,No,No,0,4680,2087,,96463.25,0,N,1,584
526,LP002699,15786063,Chin,Manager,Graduate,Yes,776,1,France,Rural,Married,Female,31,2,0,Yes,2,Yes,Yes,2,17500,0,400,112349.51,0,Y,1,100
527,LP002705,15600258,Chesnokova,Manager,Graduate,No,701,1,France,Semiurban,Divorced,Male,43,2,0,Yes,2,Yes,Yes,0,3775,0,110,165303.79,0,Y,1,813
528,LP002706,15573318,Kung,AVP,Not Graduate,No,610,0,France,Semiurban,Married,Male,26,8,0,Yes,2,Yes,No,1,5285,1430,161,166031.08,0,Y,1,383
529,LP002714,15653849,Lu,Executive,Not Graduate,No,572,1,Germany,Semiurban,No,Female,48,3,152827.99,Yes,Yes,Yes,No,1,2679,1302,94,38411.79,1,Y,1,129
530,LP002716,15694272,Nkemakolam,VP,Not Graduate,No,673,1,France,Semiurban,No,Male,30,1,64097.75,Yes,Yes,Yes,Yes,0,6783,0,130,77783.35,0,Y,1,977
531,LP002717,15736112,Walton,Executive,Graduate,No,519,1,Spain,Rural,Divorced,Female,57,2,119035.35,Yes,2,Yes,Yes,0,1025,5500,216,29871.79,0,Y,1,224
532,LP002720,15749851,Brookes,Manager,Graduate,No,702,1,Spain,Urban,Divorced,Female,26,4,135219.57,No,Yes,No,Yes,3+,4281,0,100,59747.63,0,Y,1,630
533,LP002723,15663478,Baldwin,VP,Graduate,No,729,0,France,Rural,No,Male,32,6,93694.42,Yes,Yes,Yes,Yes,2,3588,0,110,79919.13,0,N,1,417
534,LP002729,15592300,Mai,Manager,Graduate,No,543,0,Spain,Semiurban,No,Male,35,10,59408.63,Yes,Yes,Yes,No,1,11250,0,196,76773.53,0,N,1,222
535,LP002731,15567832,Shih,Manager,Not Graduate,Yes,550,1,France,Urban,No,Female,40,7,114354.95,Yes,Yes,Yes,No,0,18165,0,125,54018.93,0,Y,1,106
536,LP002732,15776780,He,VP,Not Graduate,Yes,608,1,France,Rural,No,Male,59,1,0,Yes,Yes,Yes,No,0,2550,2042,126,70649.64,1,Y,1,289
537,LP002734,15592846,Fiorentini,Executive,Graduate,No,639,1,Germany,Urban,Divorced,Male,35,10,128173.9,Yes,2,Yes,No,0,6133,3906,324,59093.39,0,Y,1,839
538,LP002738,15739803,Lucciano,Executive,Graduate,No,686,1,Spain,Semiurban,No,Male,34,9,0,Yes,2,Yes,No,2,3617,0,107,127569.8,0,Y,1,579
539,LP002739,15794142,Ferreira,Manager,Not Graduate,No,564,1,Germany,Rural,Divorced,Female,62,5,114931.35,No,3,No,Yes,0,2917,536,66,18260.98,1,N,1,392
540,LP002740,15762729,Ukaegbunam,Manager,Graduate,No,745,1,Germany,Rural,Divorced,Female,28,1,111071.36,Yes,Yes,Yes,No,3+,6417,0,157,73275.96,1,Y,1,960
541,LP002741,15667896,De Luca,Manager,Graduate,No,833,1,France,Semiurban,Married,Male,37,8,151226.18,Yes,2,Yes,Yes,1,4608,2845,140,136129.49,0,Y,1,374
542,LP002743,15626578,Milne,Manager,Graduate,No,622,0,France,Semiurban,No,Male,26,9,0,Yes,2,Yes,Yes,0,2138,0,99,153237.59,0,N,1,735
543,LP002753,15776223,Davide,Executive,Graduate,No,597,1,France,Semiurban,No,Female,42,4,64740.12,Yes,Yes,Yes,Yes,1,3652,0,95,106841.12,0,Y,1,268
544,LP002755,15705953,Kodilinyechukwu,Executive,Not Graduate,No,721,1,Spain,Urban,Divorced,Male,51,0,169312.13,Yes,Yes,Yes,No,1,2239,2524,128,109078.35,1,Y,1,841
545,LP002757,15802593,Little,Manager,Not Graduate,No,504,1,France,Semiurban,Married,Female,49,7,0,No,3,No,Yes,0,3017,663,102,87822.14,1,Y,1,228
546,LP002767,15615457,Burns,AVP,Graduate,No,842,1,Spain,Rural,Divorced,Female,44,2,112652.08,Yes,2,Yes,No,0,2768,1950,155,126644.98,0,Y,1,530
547,LP002768,15708916,Paterson,AVP,Not Graduate,No,587,1,France,Semiurban,No,Male,38,0,0,Yes,2,Yes,No,0,3358,0,80,47414.15,0,N,1,178
548,LP002772,15720187,Han,Executive,Graduate,No,479,1,Germany,Rural,No,Female,30,7,143964.36,Yes,2,Yes,No,0,2526,1783,145,41879.99,0,Y,1,428
549,LP002776,15595440,Kryukova,Manager,Graduate,No,508,0,France,Semiurban,No,Male,49,7,122451.46,Yes,2,Yes,Yes,0,5000,0,103,75808.1,0,N,1,393
550,LP002777,15600651,Ijendu,Executive,Graduate,No,749,1,France,Rural,Divorced,Male,24,1,0,Yes,3,Yes,Yes,0,2785,2016,110,47911.03,0,Y,1,272
551,LP002778,15750141,Reichard,Manager,Graduate,Yes,721,0,Germany,Rural,Divorced,Female,36,3,65253.07,Yes,2,Yes,No,2,6633,0,,28737.78,0,N,1,561
552,LP002784,15657284,Day,Manager,Not Graduate,No,674,1,Germany,Rural,Married,Male,47,6,106901.94,Yes,Yes,Yes,Yes,1,2492,2375,,2079.2,1,Y,1,361
553,LP002785,15763063,Price,Executive,Graduate,No,685,1,Spain,Urban,Divorced,Female,25,10,128509.63,Yes,Yes,Yes,No,1,3333,3250,158,121562.33,0,Y,1,242
554,LP002788,15709324,Bruce,Manager,Not Graduate,No,417,0,France,Urban,Married,Male,34,7,0,Yes,2,Yes,No,0,2454,2333,181,55003.79,0,N,1,546
555,LP002789,15711309,Sumrall,Manager,Graduate,No,574,0,Germany,Rural,Divorced,Male,33,3,129834.67,Yes,Yes,Yes,No,0,3593,4266,132,193131.42,0,N,1,595
556,LP002792,15775318,Lu,VP,Graduate,No,590,1,Spain,Semiurban,Divorced,Female,51,3,154962.99,No,3,No,Yes,1,5468,1032,26,191932.27,1,Y,1,678
557,LP002794,15705515,Lazarev,Manager,Graduate,No,587,1,Germany,Urban,No,Male,40,5,138241.9,Yes,2,Yes,No,0,2667,1625,84,159418.1,0,Y,1,395
558,LP002795,15634844,Miller,Manager,Graduate,Yes,598,1,Germany,Semiurban,Divorced,Male,41,3,91536.93,Yes,Yes,Yes,No,3+,10139,0,260,191468.78,1,Y,1,744
559,LP002798,15717046,Wentworth-Shields,Executive,Graduate,No,741,1,Spain,Semiurban,Divorced,Male,53,3,0,Yes,2,Yes,Yes,0,3887,2669,162,38913.68,0,Y,1,999
560,LP002804,15571816,Ritchie,Executive,Graduate,No,850,1,Spain,Semiurban,Divorced,Female,70,5,0,Yes,Yes,Yes,Yes,0,4180,2306,182,705.18,0,Y,1,807
561,LP002807,15670080,Mackenzie,Manager,Not Graduate,No,584,1,Germany,Semiurban,Married,Female,29,7,105204.01,No,Yes,No,Yes,2,3675,242,108,138490.03,0,Y,1,637
562,LP002813,15800440,Power,Manager,Graduate,Yes,650,1,Spain,Semiurban,Married,Male,61,1,152968.73,No,Yes,No,Yes,1,19484,0,600,82970.69,0,Y,1,679
563,LP002820,15665678,Tan,Executive,Graduate,No,607,1,Spain,Rural,Divorced,Male,36,8,158261.68,Yes,Yes,Yes,Yes,0,5923,2054,211,76744.72,0,Y,1,233
564,LP002821,15665956,Pendergrass,Manager,Not Graduate,Yes,509,1,France,Semiurban,No,Female,46,1,0,Yes,Yes,Yes,No,0,5800,0,132,71244.59,1,Y,1,235
565,LP002832,15788126,Evans,Manager,Graduate,No,689,0,Spain,Urban,Divorced,Female,38,6,121021.05,Yes,Yes,Yes,Yes,2,8799,0,258,12182.15,0,N,1,968
566,LP002833,15811773,Hsia,Manager,Not Graduate,No,543,0,France,Rural,Divorced,Male,36,4,0,Yes,2,Yes,Yes,0,4467,0,120,141210.5,0,Y,1,598
567,LP002836,15651674,Billson,Manager,Graduate,No,438,1,Spain,Urban,No,Female,54,2,0,No,Yes,No,No,0,3333,0,70,191763.07,1,Y,1,935
568,LP002837,15689614,Teng,Executive,Graduate,No,687,0,Spain,Rural,Married,Female,63,1,137715.66,Yes,Yes,Yes,Yes,3+,3400,2500,123,37938.74,0,N,1,779
569,LP002840,15795564,Moretti,Manager,Graduate,No,737,1,Germany,Urban,No,Male,31,5,121192.22,Yes,2,Yes,Yes,0,2378,0,9,74890.58,0,N,1,776
570,LP002841,15706647,Jordan,Manager,Graduate,No,761,0,France,Urban,Married,Male,31,7,0,Yes,3,Yes,Yes,0,3166,2064,104,166698.18,0,N,1,156
571,LP002842,15728505,Ts'ao,Executive,Graduate,No,601,1,France,Urban,Married,Male,44,1,100486.18,Yes,2,Yes,Yes,1,3417,1750,186,62678.53,0,Y,1,453
572,LP002847,15730076,Osborne,Executive,Graduate,No,651,0,France,Urban,Divorced,Male,45,1,0,Yes,Yes,Yes,No,0,5116,1451,165,67740.08,1,N,1,868
573,LP002855,15622003,Carslaw,Executive,Graduate,No,745,1,France,Urban,Divorced,Male,35,9,92566.53,Yes,2,Yes,No,2,16666,0,275,161519.77,0,Y,1,537
574,LP002862,15607312,Ch'ang,Manager,Not Graduate,No,648,1,Spain,Semiurban,Divorced,Female,49,10,0,Yes,2,Yes,Yes,2,6125,1625,187,159835.78,1,N,1,882
575,LP002863,15644753,Hung,Manager,Graduate,No,848,1,Spain,Semiurban,Divorced,Male,40,3,110929.96,Yes,Yes,Yes,Yes,3+,6406,0,150,30876.84,0,N,1,956
576,LP002868,15653620,Gordon,VP,Graduate,No,546,1,France,Urban,Married,Female,27,8,0,Yes,2,Yes,Yes,2,3159,461,108,14858.1,0,Y,1,801
577,LP002872,15761986,Obialo,Executive,Graduate,No,439,0,Spain,Semiurban,Married,Female,32,3,138901.61,Yes,Yes,Yes,No,0,3087,2210,136,75685.97,0,N,1,473
578,LP002874,15633922,Gray,Manager,Graduate,No,755,1,France,Urban,No,Male,30,4,123217.66,No,2,No,Yes,0,3229,2739,110,144183.1,0,Y,1,913
579,LP002877,15734674,Lin,Executive,Graduate,No,593,1,France,Rural,Divorced,Female,41,6,0,Yes,Yes,Yes,No,1,1782,2232,107,65170.66,0,Y,1,896
580,LP002888,15658032,Hopkins,Executive,Graduate,No,701,1,France,Urban,No,Male,39,2,0,Yes,2,Yes,Yes,0,3182,2917,161,82526.92,0,Y,1,891
581,LP002892,15692671,Dobson,Manager,Graduate,No,701,1,Spain,Semiurban,Divorced,Male,36,8,0,Yes,2,Yes,No,2,6540,0,205,169161.46,0,Y,1,948
582,LP002893,15737741,McKay,Manager,Graduate,No,607,1,Spain,Urban,No,Female,33,2,108431.87,No,2,No,Yes,0,1836,33837,90,109291.39,1,N,1,778
583,LP002894,15576352,Revell,AVP,Graduate,No,586,1,Spain,Semiurban,Married,Female,57,3,0,No,2,No,Yes,0,3166,0,36,6057.81,0,Y,1,251
584,LP002898,15753719,Rickards,Executive,Graduate,No,547,1,Germany,Rural,Divorced,Female,30,9,72392.41,Yes,Yes,Yes,No,1,1880,0,61,77077.14,0,N,1,987
585,LP002911,15803689,Begum,Sr Manager,Graduate,No,647,0,Germany,Rural,Divorced,Female,51,1,119741.77,No,2,No,No,1,2787,1917,146,54954.51,1,N,1,184
586,LP002912,15718057,Onyinyechukwuka,Manager,Graduate,No,760,1,France,Rural,Divorced,Female,51,2,100946.71,No,Yes,No,No,1,4283,3000,172,179614.8,1,N,1,451
587,LP002916,15722010,Zuyev,AVP,Graduate,No,621,1,Spain,Urban,Married,Male,53,9,170491.84,Yes,Yes,Yes,No,0,2297,1522,104,35588.07,1,Y,1,166
588,LP002917,15680998,Nwankwo,Manager,Not Graduate,No,725,1,France,Semiurban,No,Male,44,5,0,Yes,Yes,Yes,Yes,0,2165,0,70,117356.14,0,Y,1,729
589,LP002925,15614782,Hao,Sr Manager,Graduate,No,526,1,France,Semiurban,No,Male,36,1,0,Yes,Yes,Yes,No,0,4750,0,94,160696.72,0,Y,1,277
590,LP002926,15591047,Ma,Manager,Graduate,Yes,519,0,Spain,Semiurban,Divorced,Female,47,6,157296.02,No,2,No,No,2,2726,0,106,147278.43,1,N,1,703
591,LP002928,15788291,Okwuadigbo,Executive,Graduate,No,713,1,Germany,Semiurban,Married,Female,38,7,144606.22,Yes,Yes,Yes,Yes,0,3000,3416,56,56594.36,1,Y,1,435
592,LP002931,15604044,Mitchell,Manager,Graduate,Yes,700,1,France,Semiurban,Divorced,Male,38,8,134811.3,Yes,Yes,Yes,No,2,6000,0,205,1299.75,0,N,1,871
593,LP002933,15679587,Chan,Manager,Graduate,Yes,666,1,France,Semiurban,No,Female,34,9,115897.12,Yes,Yes,Yes,Yes,3+,9357,0,292,25095.03,0,Y,1,444
594,LP002936,15775153,Buchi,Executive,Graduate,No,630,1,Spain,Rural,Married,Male,32,4,82034,No,Yes,No,No,0,3859,3300,142,146326.45,0,Y,1,643
595,LP002938,15603925,Greco,Manager,Graduate,Yes,779,1,Spain,Urban,Divorced,Female,26,4,174318.13,No,2,No,Yes,0,16120,0,260,38296.21,0,Y,1,495
596,LP002940,15680970,Lombardi,Executive,Not Graduate,No,611,1,Germany,Rural,No,Female,41,2,114206.84,Yes,Yes,Yes,No,0,3833,0,110,164061.6,0,Y,1,580
597,LP002941,15697183,Uchenna,Manager,Not Graduate,Yes,685,1,Spain,Rural,Divorced,Male,43,9,0,Yes,2,Yes,No,2,6383,1000,187,107811.28,0,N,1,558
598,LP002943,15567446,Coffman,Manager,Graduate,No,646,0,Germany,Semiurban,No,Male,39,9,111574.41,Yes,Yes,Yes,Yes,0,2987,0,88,30838.51,0,N,1,987
599,LP002945,15637476,Alexandrova,Manager,Graduate,Yes,683,1,Germany,Rural,Divorced,Female,57,5,162448.69,No,Yes,No,No,0,9963,0,180,9221.78,1,Y,1,313
600,LP002948,15714939,Fallaci,Manager,Graduate,No,484,1,Germany,Urban,Divorced,Female,34,4,148249.54,No,Yes,No,Yes,2,5780,0,192,33738.27,0,Y,1,732
601,LP002949,15683503,Hudson,Sr Manager,Graduate,No,601,1,France,Urban,No,Female,43,8,0,No,3,No,Yes,3+,416,41667,350,110916.15,1,N,1,523
602,LP002950,15645569,Mai,Manager,Not Graduate,No,762,1,Spain,Rural,Married,Female,26,7,123709.46,Yes,2,Yes,Yes,0,2894,2792,155,169654.57,0,Y,1,744
603,LP002953,15782569,Stout,Manager,Graduate,No,687,1,France,Urban,Divorced,Female,72,9,0,No,Yes,No,Yes,3+,5703,0,128,69829.4,0,Y,1,381
604,LP002958,15592387,Burke,Sr Manager,Graduate,No,566,1,France,Rural,No,Male,30,5,0,Yes,Yes,Yes,No,0,3676,4301,172,54926.51,1,Y,1,663
605,LP002959,15609286,Chadwick,Executive,Graduate,No,702,1,France,Semiurban,Married,Male,37,10,150525.8,Yes,Yes,Yes,Yes,1,12000,0,496,94728.49,0,Y,1,716
606,LP002960,15814035,Lawrence,Manager,Not Graduate,No,601,1,France,Urban,Married,Male,29,9,0,Yes,Yes,Yes,Yes,0,2400,3800,,80393.27,0,N,1,371
607,LP002961,15661249,Bellucci,Manager,Graduate,No,699,1,France,Semiurban,Married,Male,53,4,0,No,2,No,Yes,1,3400,2500,173,111307.98,0,Y,1,391
608,LP002964,15629117,Harper,Executive,Not Graduate,No,584,1,France,Rural,Married,Male,28,10,0,Yes,2,Yes,No,2,3987,1411,157,19834.32,0,Y,1,430
609,LP002974,15607170,Boyle,Sr Manager,Graduate,No,699,1,France,Rural,Married,Male,35,5,0,Yes,2,Yes,Yes,0,3232,1950,108,78397.24,0,Y,1,427
610,LP002978,15586585,Duncan,Sr Manager,Graduate,No,698,1,Germany,Rural,No,Female,51,2,111018.98,Yes,Yes,Yes,No,0,2900,0,71,86410.28,0,Y,1,477
611,LP002979,15686611,Moss,Manager,Graduate,No,495,1,France,Rural,Married,Male,30,10,129755.99,No,Yes,No,No,3+,4106,0,40,172749.65,0,Y,1,406
612,LP002983,15603203,Avdeyeva,AVP,Graduate,No,650,1,France,Urban,Married,Female,27,6,0,Yes,2,Yes,No,1,8072,240,253,1002.39,0,Y,1,224
613,LP002984,15619857,Crawford,Sr Manager,Graduate,No,605,1,France,Urban,Married,Female,64,2,129555.7,Yes,Yes,Yes,Yes,2,7583,0,187,13601.79,0,Y,1,606
614,LP002990,15805062,Lynton,Manager,Graduate,Yes,667,0,Spain,Semiurban,No,Male,38,1,87202.38,Yes,Yes,Yes,Yes,0,4583,0,133,77866.91,0,N,1,848
